model,layer,category,name,model_buffer,normal_execution_storage,precision,bytes,shape
"Target","-1","Token embeddings","token_embd.weight","CPU_Mapped","CPU_Mapped","q8_0","675430400","2560,248320,1,1"
"Target","-1","PLE lookup table","per_layer_token_embd.weight","CPU_Mapped","CPU_Mapped","q5_1","38400184320","160,320001536,1,1"
"Target","0","Routed expert banks","blk.0.ffn_down_exps.weight","CPU_Mapped","CPU_Mapped","iq4_nl","471859200","640,2560,512,1"
"Target","0","Routed expert banks","blk.0.ffn_gate_exps.weight","CPU_Mapped","CPU_Mapped","iq3_s","360448000","2560,640,512,1"
"Target","0","Routed expert banks","blk.0.ffn_up_exps.weight","CPU_Mapped","CPU_Mapped","iq3_s","360448000","2560,640,512,1"
"Target","1","Routed expert banks","blk.1.ffn_down_exps.weight","CPU_Mapped","CPU_Mapped","iq4_nl","471859200","640,2560,512,1"
"Target","1","Routed expert banks","blk.1.ffn_gate_exps.weight","CPU_Mapped","CPU_Mapped","iq3_s","360448000","2560,640,512,1"
"Target","1","Routed expert banks","blk.1.ffn_up_exps.weight","CPU_Mapped","CPU_Mapped","iq3_s","360448000","2560,640,512,1"
"Target","2","Routed expert banks","blk.2.ffn_down_exps.weight","CPU_Mapped","CPU_Mapped","iq4_nl","471859200","640,2560,512,1"
"Target","2","Routed expert banks","blk.2.ffn_gate_exps.weight","CPU_Mapped","CPU_Mapped","iq3_s","360448000","2560,640,512,1"
"Target","2","Routed expert banks","blk.2.ffn_up_exps.weight","CPU_Mapped","CPU_Mapped","iq3_s","360448000","2560,640,512,1"
"Target","3","Routed expert banks","blk.3.ffn_down_exps.weight","CPU_Mapped","CPU_Mapped","iq4_nl","471859200","640,2560,512,1"
"Target","3","Routed expert banks","blk.3.ffn_gate_exps.weight","CPU_Mapped","CPU_Mapped","iq3_s","360448000","2560,640,512,1"
"Target","3","Routed expert banks","blk.3.ffn_up_exps.weight","CPU_Mapped","CPU_Mapped","iq3_s","360448000","2560,640,512,1"
"Target","4","Routed expert banks","blk.4.ffn_down_exps.weight","CPU_Mapped","CPU_Mapped","iq4_nl","471859200","640,2560,512,1"
"Target","4","Routed expert banks","blk.4.ffn_gate_exps.weight","CPU_Mapped","CPU_Mapped","iq2_s","268697600","2560,640,512,1"
"Target","4","Routed expert banks","blk.4.ffn_up_exps.weight","CPU_Mapped","CPU_Mapped","iq2_s","268697600","2560,640,512,1"
"Target","5","Routed expert banks","blk.5.ffn_down_exps.weight","CPU_Mapped","CPU_Mapped","iq4_nl","471859200","640,2560,512,1"
"Target","5","Routed expert banks","blk.5.ffn_gate_exps.weight","CPU_Mapped","CPU_Mapped","iq2_s","268697600","2560,640,512,1"
"Target","5","Routed expert banks","blk.5.ffn_up_exps.weight","CPU_Mapped","CPU_Mapped","iq2_s","268697600","2560,640,512,1"
"Target","6","Routed expert banks","blk.6.ffn_down_exps.weight","CPU_Mapped","CPU_Mapped","iq4_nl","471859200","640,2560,512,1"
"Target","6","Routed expert banks","blk.6.ffn_gate_exps.weight","CPU_Mapped","CPU_Mapped","iq2_s","268697600","2560,640,512,1"
"Target","6","Routed expert banks","blk.6.ffn_up_exps.weight","CPU_Mapped","CPU_Mapped","iq2_s","268697600","2560,640,512,1"
"Target","7","Routed expert banks","blk.7.ffn_down_exps.weight","CPU_Mapped","CPU_Mapped","iq4_nl","471859200","640,2560,512,1"
"Target","7","Routed expert banks","blk.7.ffn_gate_exps.weight","CPU_Mapped","CPU_Mapped","iq2_s","268697600","2560,640,512,1"
"Target","7","Routed expert banks","blk.7.ffn_up_exps.weight","CPU_Mapped","CPU_Mapped","iq2_s","268697600","2560,640,512,1"
"Target","8","Routed expert banks","blk.8.ffn_down_exps.weight","CPU_Mapped","CPU_Mapped","iq4_nl","471859200","640,2560,512,1"
"Target","8","Routed expert banks","blk.8.ffn_gate_exps.weight","CPU_Mapped","CPU_Mapped","iq2_s","268697600","2560,640,512,1"
"Target","8","Routed expert banks","blk.8.ffn_up_exps.weight","CPU_Mapped","CPU_Mapped","iq2_s","268697600","2560,640,512,1"
"Target","9","Routed expert banks","blk.9.ffn_down_exps.weight","CPU_Mapped","CPU_Mapped","iq4_nl","471859200","640,2560,512,1"
"Target","9","Routed expert banks","blk.9.ffn_gate_exps.weight","CPU_Mapped","CPU_Mapped","iq2_s","268697600","2560,640,512,1"
"Target","9","Routed expert banks","blk.9.ffn_up_exps.weight","CPU_Mapped","CPU_Mapped","iq2_s","268697600","2560,640,512,1"
"Target","10","Routed expert banks","blk.10.ffn_down_exps.weight","CPU_Mapped","CPU_Mapped","iq4_nl","471859200","640,2560,512,1"
"Target","10","Routed expert banks","blk.10.ffn_gate_exps.weight","CPU_Mapped","CPU_Mapped","iq2_s","268697600","2560,640,512,1"
"Target","10","Routed expert banks","blk.10.ffn_up_exps.weight","CPU_Mapped","CPU_Mapped","iq2_s","268697600","2560,640,512,1"
"Target","11","Routed expert banks","blk.11.ffn_down_exps.weight","CPU_Mapped","CPU_Mapped","iq4_nl","471859200","640,2560,512,1"
"Target","11","Routed expert banks","blk.11.ffn_gate_exps.weight","CPU_Mapped","CPU_Mapped","iq2_s","268697600","2560,640,512,1"
"Target","11","Routed expert banks","blk.11.ffn_up_exps.weight","CPU_Mapped","CPU_Mapped","iq2_s","268697600","2560,640,512,1"
"Target","12","Routed expert banks","blk.12.ffn_down_exps.weight","CPU_Mapped","CPU_Mapped","iq4_nl","471859200","640,2560,512,1"
"Target","12","Routed expert banks","blk.12.ffn_gate_exps.weight","CPU_Mapped","CPU_Mapped","iq2_s","268697600","2560,640,512,1"
"Target","12","Routed expert banks","blk.12.ffn_up_exps.weight","CPU_Mapped","CPU_Mapped","iq2_s","268697600","2560,640,512,1"
"Target","13","Routed expert banks","blk.13.ffn_down_exps.weight","CPU_Mapped","CPU_Mapped","iq4_nl","471859200","640,2560,512,1"
"Target","13","Routed expert banks","blk.13.ffn_gate_exps.weight","CPU_Mapped","CPU_Mapped","iq2_s","268697600","2560,640,512,1"
"Target","13","Routed expert banks","blk.13.ffn_up_exps.weight","CPU_Mapped","CPU_Mapped","iq2_s","268697600","2560,640,512,1"
"Target","14","Routed expert banks","blk.14.ffn_down_exps.weight","CPU_Mapped","CPU_Mapped","iq4_nl","471859200","640,2560,512,1"
"Target","14","Routed expert banks","blk.14.ffn_gate_exps.weight","CPU_Mapped","CPU_Mapped","iq2_s","268697600","2560,640,512,1"
"Target","14","Routed expert banks","blk.14.ffn_up_exps.weight","CPU_Mapped","CPU_Mapped","iq2_s","268697600","2560,640,512,1"
"Target","15","Routed expert banks","blk.15.ffn_down_exps.weight","CPU_Mapped","CPU_Mapped","iq4_nl","471859200","640,2560,512,1"
"Target","15","Routed expert banks","blk.15.ffn_gate_exps.weight","CPU_Mapped","CPU_Mapped","iq2_s","268697600","2560,640,512,1"
"Target","15","Routed expert banks","blk.15.ffn_up_exps.weight","CPU_Mapped","CPU_Mapped","iq2_s","268697600","2560,640,512,1"
"Target","16","Routed expert banks","blk.16.ffn_down_exps.weight","CPU_Mapped","CPU_Mapped","iq4_nl","471859200","640,2560,512,1"
"Target","16","Routed expert banks","blk.16.ffn_gate_exps.weight","CPU_Mapped","CPU_Mapped","iq2_s","268697600","2560,640,512,1"
"Target","16","Routed expert banks","blk.16.ffn_up_exps.weight","CPU_Mapped","CPU_Mapped","iq2_s","268697600","2560,640,512,1"
"Target","17","Routed expert banks","blk.17.ffn_down_exps.weight","CPU_Mapped","CPU_Mapped","iq4_nl","471859200","640,2560,512,1"
"Target","17","Routed expert banks","blk.17.ffn_gate_exps.weight","CPU_Mapped","CPU_Mapped","iq2_s","268697600","2560,640,512,1"
"Target","17","Routed expert banks","blk.17.ffn_up_exps.weight","CPU_Mapped","CPU_Mapped","iq2_s","268697600","2560,640,512,1"
"Target","18","Routed expert banks","blk.18.ffn_down_exps.weight","CPU_Mapped","CPU_Mapped","iq4_nl","471859200","640,2560,512,1"
"Target","18","Routed expert banks","blk.18.ffn_gate_exps.weight","CPU_Mapped","CPU_Mapped","iq2_s","268697600","2560,640,512,1"
"Target","18","Routed expert banks","blk.18.ffn_up_exps.weight","CPU_Mapped","CPU_Mapped","iq2_s","268697600","2560,640,512,1"
"Target","19","Routed expert banks","blk.19.ffn_down_exps.weight","CPU_Mapped","CPU_Mapped","iq4_nl","471859200","640,2560,512,1"
"Target","19","Routed expert banks","blk.19.ffn_gate_exps.weight","CPU_Mapped","CPU_Mapped","iq2_s","268697600","2560,640,512,1"
"Target","19","Routed expert banks","blk.19.ffn_up_exps.weight","CPU_Mapped","CPU_Mapped","iq2_s","268697600","2560,640,512,1"
"Target","20","Routed expert banks","blk.20.ffn_down_exps.weight","CPU_Mapped","CPU_Mapped","iq4_nl","471859200","640,2560,512,1"
"Target","20","Routed expert banks","blk.20.ffn_gate_exps.weight","CPU_Mapped","CPU_Mapped","iq2_s","268697600","2560,640,512,1"
"Target","20","Routed expert banks","blk.20.ffn_up_exps.weight","CPU_Mapped","CPU_Mapped","iq2_s","268697600","2560,640,512,1"
"Target","21","Routed expert banks","blk.21.ffn_down_exps.weight","CPU_Mapped","CPU_Mapped","iq4_nl","471859200","640,2560,512,1"
"Target","21","Routed expert banks","blk.21.ffn_gate_exps.weight","CPU_Mapped","CPU_Mapped","iq2_s","268697600","2560,640,512,1"
"Target","21","Routed expert banks","blk.21.ffn_up_exps.weight","CPU_Mapped","CPU_Mapped","iq2_s","268697600","2560,640,512,1"
"Target","22","Routed expert banks","blk.22.ffn_down_exps.weight","CPU_Mapped","CPU_Mapped","iq4_nl","471859200","640,2560,512,1"
"Target","22","Routed expert banks","blk.22.ffn_gate_exps.weight","CPU_Mapped","CPU_Mapped","iq2_s","268697600","2560,640,512,1"
"Target","22","Routed expert banks","blk.22.ffn_up_exps.weight","CPU_Mapped","CPU_Mapped","iq2_s","268697600","2560,640,512,1"
"Target","23","Routed expert banks","blk.23.ffn_down_exps.weight","CPU_Mapped","CPU_Mapped","iq4_nl","471859200","640,2560,512,1"
"Target","23","Routed expert banks","blk.23.ffn_gate_exps.weight","CPU_Mapped","CPU_Mapped","iq2_s","268697600","2560,640,512,1"
"Target","23","Routed expert banks","blk.23.ffn_up_exps.weight","CPU_Mapped","CPU_Mapped","iq2_s","268697600","2560,640,512,1"
"Target","24","Routed expert banks","blk.24.ffn_down_exps.weight","CPU_Mapped","CPU_Mapped","iq4_nl","471859200","640,2560,512,1"
"Target","24","Routed expert banks","blk.24.ffn_gate_exps.weight","CPU_Mapped","CPU_Mapped","iq2_s","268697600","2560,640,512,1"
"Target","24","Routed expert banks","blk.24.ffn_up_exps.weight","CPU_Mapped","CPU_Mapped","iq2_s","268697600","2560,640,512,1"
"Target","25","Routed expert banks","blk.25.ffn_down_exps.weight","CPU_Mapped","CPU_Mapped","iq4_nl","471859200","640,2560,512,1"
"Target","25","Routed expert banks","blk.25.ffn_gate_exps.weight","CPU_Mapped","CPU_Mapped","iq2_s","268697600","2560,640,512,1"
"Target","25","Routed expert banks","blk.25.ffn_up_exps.weight","CPU_Mapped","CPU_Mapped","iq2_s","268697600","2560,640,512,1"
"Target","26","Routed expert banks","blk.26.ffn_down_exps.weight","CPU_Mapped","CPU_Mapped","iq4_nl","471859200","640,2560,512,1"
"Target","26","Routed expert banks","blk.26.ffn_gate_exps.weight","CPU_Mapped","CPU_Mapped","iq2_s","268697600","2560,640,512,1"
"Target","26","Routed expert banks","blk.26.ffn_up_exps.weight","CPU_Mapped","CPU_Mapped","iq2_s","268697600","2560,640,512,1"
"Target","27","Routed expert banks","blk.27.ffn_down_exps.weight","CPU_Mapped","CPU_Mapped","iq4_nl","471859200","640,2560,512,1"
"Target","27","Routed expert banks","blk.27.ffn_gate_exps.weight","CPU_Mapped","CPU_Mapped","iq2_s","268697600","2560,640,512,1"
"Target","27","Routed expert banks","blk.27.ffn_up_exps.weight","CPU_Mapped","CPU_Mapped","iq2_s","268697600","2560,640,512,1"
"Target","28","Routed expert banks","blk.28.ffn_down_exps.weight","CPU_Mapped","CPU_Mapped","iq4_nl","471859200","640,2560,512,1"
"Target","28","Routed expert banks","blk.28.ffn_gate_exps.weight","CPU_Mapped","CPU_Mapped","iq2_s","268697600","2560,640,512,1"
"Target","28","Routed expert banks","blk.28.ffn_up_exps.weight","CPU_Mapped","CPU_Mapped","iq2_s","268697600","2560,640,512,1"
"Target","29","Routed expert banks","blk.29.ffn_down_exps.weight","CPU_Mapped","CPU_Mapped","iq4_nl","471859200","640,2560,512,1"
"Target","29","Routed expert banks","blk.29.ffn_gate_exps.weight","CPU_Mapped","CPU_Mapped","iq2_s","268697600","2560,640,512,1"
"Target","29","Routed expert banks","blk.29.ffn_up_exps.weight","CPU_Mapped","CPU_Mapped","iq2_s","268697600","2560,640,512,1"
"Target","30","Routed expert banks","blk.30.ffn_down_exps.weight","CPU_Mapped","CPU_Mapped","iq4_nl","471859200","640,2560,512,1"
"Target","30","Routed expert banks","blk.30.ffn_gate_exps.weight","CPU_Mapped","CPU_Mapped","iq2_s","268697600","2560,640,512,1"
"Target","30","Routed expert banks","blk.30.ffn_up_exps.weight","CPU_Mapped","CPU_Mapped","iq2_s","268697600","2560,640,512,1"
"Target","31","Routed expert banks","blk.31.ffn_down_exps.weight","CPU_Mapped","CPU_Mapped","iq4_nl","471859200","640,2560,512,1"
"Target","31","Routed expert banks","blk.31.ffn_gate_exps.weight","CPU_Mapped","CPU_Mapped","iq2_s","268697600","2560,640,512,1"
"Target","31","Routed expert banks","blk.31.ffn_up_exps.weight","CPU_Mapped","CPU_Mapped","iq2_s","268697600","2560,640,512,1"
"Target","32","Routed expert banks","blk.32.ffn_down_exps.weight","CPU_Mapped","CPU_Mapped","iq4_nl","471859200","640,2560,512,1"
"Target","32","Routed expert banks","blk.32.ffn_gate_exps.weight","CPU_Mapped","CPU_Mapped","iq2_s","268697600","2560,640,512,1"
"Target","32","Routed expert banks","blk.32.ffn_up_exps.weight","CPU_Mapped","CPU_Mapped","iq2_s","268697600","2560,640,512,1"
"Target","33","Routed expert banks","blk.33.ffn_down_exps.weight","CPU_Mapped","CPU_Mapped","iq4_nl","471859200","640,2560,512,1"
"Target","33","Routed expert banks","blk.33.ffn_gate_exps.weight","CPU_Mapped","CPU_Mapped","iq2_s","268697600","2560,640,512,1"
"Target","33","Routed expert banks","blk.33.ffn_up_exps.weight","CPU_Mapped","CPU_Mapped","iq2_s","268697600","2560,640,512,1"
"Target","34","Routed expert banks","blk.34.ffn_down_exps.weight","CPU_Mapped","CPU_Mapped","iq4_nl","471859200","640,2560,512,1"
"Target","34","Routed expert banks","blk.34.ffn_gate_exps.weight","CPU_Mapped","CPU_Mapped","iq2_s","268697600","2560,640,512,1"
"Target","34","Routed expert banks","blk.34.ffn_up_exps.weight","CPU_Mapped","CPU_Mapped","iq2_s","268697600","2560,640,512,1"
"Target","35","Routed expert banks","blk.35.ffn_down_exps.weight","CPU_Mapped","CPU_Mapped","iq4_nl","471859200","640,2560,512,1"
"Target","35","Routed expert banks","blk.35.ffn_gate_exps.weight","CPU_Mapped","CPU_Mapped","iq2_s","268697600","2560,640,512,1"
"Target","35","Routed expert banks","blk.35.ffn_up_exps.weight","CPU_Mapped","CPU_Mapped","iq2_s","268697600","2560,640,512,1"
"Target","36","Routed expert banks","blk.36.ffn_down_exps.weight","CPU_Mapped","CPU view of staged RAM","iq4_nl","471859200","640,2560,512,1"
"Target","36","Routed expert banks","blk.36.ffn_gate_exps.weight","CPU_Mapped","CPU view of staged RAM","iq2_s","268697600","2560,640,512,1"
"Target","36","Routed expert banks","blk.36.ffn_up_exps.weight","CPU_Mapped","CPU view of staged RAM","iq2_s","268697600","2560,640,512,1"
"Target","37","Routed expert banks","blk.37.ffn_down_exps.weight","CPU_Mapped","CPU view of staged RAM","iq4_nl","471859200","640,2560,512,1"
"Target","37","Routed expert banks","blk.37.ffn_gate_exps.weight","CPU_Mapped","CPU view of staged RAM","iq2_s","268697600","2560,640,512,1"
"Target","37","Routed expert banks","blk.37.ffn_up_exps.weight","CPU_Mapped","CPU view of staged RAM","iq2_s","268697600","2560,640,512,1"
"Target","38","Routed expert banks","blk.38.ffn_down_exps.weight","CPU_Mapped","CPU view of staged RAM","iq4_nl","471859200","640,2560,512,1"
"Target","38","Routed expert banks","blk.38.ffn_gate_exps.weight","CPU_Mapped","CPU view of staged RAM","iq2_s","268697600","2560,640,512,1"
"Target","38","Routed expert banks","blk.38.ffn_up_exps.weight","CPU_Mapped","CPU view of staged RAM","iq2_s","268697600","2560,640,512,1"
"Target","39","Routed expert banks","blk.39.ffn_down_exps.weight","CPU_Mapped","CPU view of staged RAM","iq4_nl","471859200","640,2560,512,1"
"Target","39","Routed expert banks","blk.39.ffn_gate_exps.weight","CPU_Mapped","CPU view of staged RAM","iq2_s","268697600","2560,640,512,1"
"Target","39","Routed expert banks","blk.39.ffn_up_exps.weight","CPU_Mapped","CPU view of staged RAM","iq2_s","268697600","2560,640,512,1"
"Target","-1","Hyperconnection mixers","output_hc_norm.weight","Vulkan0","Vulkan0","f32","40960","10240,1,1,1"
"Target","-1","Hyperconnection mixers","output_hc_down.weight","Vulkan0","Vulkan0","q8_0","3481600","10240,320,1,1"
"Target","-1","Hyperconnection mixers","output_hc_up.weight","Vulkan0","Vulkan0","q8_0","3481600","320,10240,1,1"
"Target","-1","Output projection","output.weight","Vulkan0","Vulkan0","q8_0","675430400","2560,248320,1,1"
"Target","0","Hyperconnection mixers","blk.0.hc_attn_norm.weight","Vulkan0","Vulkan0","f32","40960","10240,1,1,1"
"Target","0","Hyperconnection mixers","blk.0.hc_attn_down.weight","Vulkan0","Vulkan0","q8_0","3481600","10240,320,1,1"
"Target","0","Hyperconnection mixers","blk.0.hc_attn_up.weight","Vulkan0","Vulkan0","q8_0","3481600","320,10240,1,1"
"Target","0","Hyperconnection mixers","blk.0.hc_attn_inject.weight","Vulkan0","Vulkan0","q8_0","43520","10240,4,1,1"
"Target","0","Hyperconnection mixers","blk.0.hc_ffn_norm.weight","Vulkan0","Vulkan0","f32","40960","10240,1,1,1"
"Target","0","Hyperconnection mixers","blk.0.hc_ffn_down.weight","Vulkan0","Vulkan0","q8_0","3481600","10240,320,1,1"
"Target","0","Hyperconnection mixers","blk.0.hc_ffn_up.weight","Vulkan0","Vulkan0","q8_0","3481600","320,10240,1,1"
"Target","0","Hyperconnection mixers","blk.0.hc_ffn_inject.weight","Vulkan0","Vulkan0","q8_0","43520","10240,4,1,1"
"Target","0","Attention and indexer weights","blk.0.attn_qkv.weight","Vulkan0","Vulkan0","q8_0","27852800","2560,10240,1,1"
"Target","0","Attention and indexer weights","blk.0.attn_gate.weight","Vulkan0","Vulkan0","q8_0","16711680","2560,6144,1,1"
"Target","0","Recurrent layer weights","blk.0.ssm_conv1d.weight","Vulkan0","Vulkan0","f32","163840","4,10240,1,1"
"Target","0","Recurrent layer weights","blk.0.ssm_dt.bias","Vulkan0","Vulkan0","f32","192","48,1,1,1"
"Target","0","Recurrent layer weights","blk.0.ssm_a","Vulkan0","Vulkan0","f32","192","48,1,1,1"
"Target","0","Recurrent layer weights","blk.0.ssm_beta.weight","Vulkan0","Vulkan0","q8_0","130560","2560,48,1,1"
"Target","0","Recurrent layer weights","blk.0.ssm_alpha.weight","Vulkan0","Vulkan0","q8_0","130560","2560,48,1,1"
"Target","0","Recurrent layer weights","blk.0.ssm_norm.weight","Vulkan0","Vulkan0","f32","512","128,1,1,1"
"Target","0","Recurrent layer weights","blk.0.ssm_out.weight","Vulkan0","Vulkan0","q8_0","16711680","6144,2560,1,1"
"Target","0","Expert routers","blk.0.ffn_gate_inp.weight","Vulkan0","Vulkan0","f32","5242880","2560,512,1,1"
"Target","0","Shared experts","blk.0.ffn_gate_inp_shexp.weight","Vulkan0","Vulkan0","f32","10240","2560,1,1,1"
"Target","0","Shared experts","blk.0.ffn_gate_shexp.weight","Vulkan0","Vulkan0","q8_0","1740800","2560,640,1,1"
"Target","0","Shared experts","blk.0.ffn_up_shexp.weight","Vulkan0","Vulkan0","q8_0","1740800","2560,640,1,1"
"Target","0","Shared experts","blk.0.ffn_down_shexp.weight","Vulkan0","Vulkan0","q8_0","1740800","640,2560,1,1"
"Target","1","Hyperconnection mixers","blk.1.hc_attn_norm.weight","Vulkan0","Vulkan0","f32","40960","10240,1,1,1"
"Target","1","Hyperconnection mixers","blk.1.hc_attn_down.weight","Vulkan0","Vulkan0","q8_0","3481600","10240,320,1,1"
"Target","1","Hyperconnection mixers","blk.1.hc_attn_up.weight","Vulkan0","Vulkan0","q8_0","3481600","320,10240,1,1"
"Target","1","Hyperconnection mixers","blk.1.hc_attn_inject.weight","Vulkan0","Vulkan0","q8_0","43520","10240,4,1,1"
"Target","1","Hyperconnection mixers","blk.1.hc_ffn_norm.weight","Vulkan0","Vulkan0","f32","40960","10240,1,1,1"
"Target","1","Hyperconnection mixers","blk.1.hc_ffn_down.weight","Vulkan0","Vulkan0","q8_0","3481600","10240,320,1,1"
"Target","1","Hyperconnection mixers","blk.1.hc_ffn_up.weight","Vulkan0","Vulkan0","q8_0","3481600","320,10240,1,1"
"Target","1","Hyperconnection mixers","blk.1.hc_ffn_inject.weight","Vulkan0","Vulkan0","q8_0","43520","10240,4,1,1"
"Target","1","Attention and indexer weights","blk.1.attn_qkv.weight","Vulkan0","Vulkan0","q8_0","27852800","2560,10240,1,1"
"Target","1","Attention and indexer weights","blk.1.attn_gate.weight","Vulkan0","Vulkan0","q8_0","16711680","2560,6144,1,1"
"Target","1","Recurrent layer weights","blk.1.ssm_conv1d.weight","Vulkan0","Vulkan0","f32","163840","4,10240,1,1"
"Target","1","Recurrent layer weights","blk.1.ssm_dt.bias","Vulkan0","Vulkan0","f32","192","48,1,1,1"
"Target","1","Recurrent layer weights","blk.1.ssm_a","Vulkan0","Vulkan0","f32","192","48,1,1,1"
"Target","1","Recurrent layer weights","blk.1.ssm_beta.weight","Vulkan0","Vulkan0","q8_0","130560","2560,48,1,1"
"Target","1","Recurrent layer weights","blk.1.ssm_alpha.weight","Vulkan0","Vulkan0","q8_0","130560","2560,48,1,1"
"Target","1","Recurrent layer weights","blk.1.ssm_norm.weight","Vulkan0","Vulkan0","f32","512","128,1,1,1"
"Target","1","Recurrent layer weights","blk.1.ssm_out.weight","Vulkan0","Vulkan0","q8_0","16711680","6144,2560,1,1"
"Target","1","Other dense weights","blk.1.ple_key.weight","Vulkan0","Vulkan0","q8_0","27852800","2560,10240,1,1"
"Target","1","Other dense weights","blk.1.ple_value.weight","Vulkan0","Vulkan0","q8_0","6963200","2560,2560,1,1"
"Target","1","Other dense weights","blk.1.ple_norm_key.weight","Vulkan0","Vulkan0","f32","40960","10240,1,1,1"
"Target","1","Other dense weights","blk.1.ple_norm_query.weight","Vulkan0","Vulkan0","f32","40960","10240,1,1,1"
"Target","1","Other dense weights","blk.1.ple_norm_conv.weight","Vulkan0","Vulkan0","f32","40960","10240,1,1,1"
"Target","1","Other dense weights","blk.1.ple_conv1d.weight","Vulkan0","Vulkan0","f16","81920","4,10240,1,1"
"Target","1","Expert routers","blk.1.ffn_gate_inp.weight","Vulkan0","Vulkan0","f32","5242880","2560,512,1,1"
"Target","1","Shared experts","blk.1.ffn_gate_inp_shexp.weight","Vulkan0","Vulkan0","f32","10240","2560,1,1,1"
"Target","1","Shared experts","blk.1.ffn_gate_shexp.weight","Vulkan0","Vulkan0","q8_0","1740800","2560,640,1,1"
"Target","1","Shared experts","blk.1.ffn_up_shexp.weight","Vulkan0","Vulkan0","q8_0","1740800","2560,640,1,1"
"Target","1","Shared experts","blk.1.ffn_down_shexp.weight","Vulkan0","Vulkan0","q8_0","1740800","640,2560,1,1"
"Target","2","Hyperconnection mixers","blk.2.hc_attn_norm.weight","Vulkan0","Vulkan0","f32","40960","10240,1,1,1"
"Target","2","Hyperconnection mixers","blk.2.hc_attn_down.weight","Vulkan0","Vulkan0","q8_0","3481600","10240,320,1,1"
"Target","2","Hyperconnection mixers","blk.2.hc_attn_up.weight","Vulkan0","Vulkan0","q8_0","3481600","320,10240,1,1"
"Target","2","Hyperconnection mixers","blk.2.hc_attn_inject.weight","Vulkan0","Vulkan0","q8_0","43520","10240,4,1,1"
"Target","2","Hyperconnection mixers","blk.2.hc_ffn_norm.weight","Vulkan0","Vulkan0","f32","40960","10240,1,1,1"
"Target","2","Hyperconnection mixers","blk.2.hc_ffn_down.weight","Vulkan0","Vulkan0","q8_0","3481600","10240,320,1,1"
"Target","2","Hyperconnection mixers","blk.2.hc_ffn_up.weight","Vulkan0","Vulkan0","q8_0","3481600","320,10240,1,1"
"Target","2","Hyperconnection mixers","blk.2.hc_ffn_inject.weight","Vulkan0","Vulkan0","q8_0","43520","10240,4,1,1"
"Target","2","Attention and indexer weights","blk.2.attn_qkv.weight","Vulkan0","Vulkan0","q8_0","27852800","2560,10240,1,1"
"Target","2","Attention and indexer weights","blk.2.attn_gate.weight","Vulkan0","Vulkan0","q8_0","16711680","2560,6144,1,1"
"Target","2","Recurrent layer weights","blk.2.ssm_conv1d.weight","Vulkan0","Vulkan0","f32","163840","4,10240,1,1"
"Target","2","Recurrent layer weights","blk.2.ssm_dt.bias","Vulkan0","Vulkan0","f32","192","48,1,1,1"
"Target","2","Recurrent layer weights","blk.2.ssm_a","Vulkan0","Vulkan0","f32","192","48,1,1,1"
"Target","2","Recurrent layer weights","blk.2.ssm_beta.weight","Vulkan0","Vulkan0","q8_0","130560","2560,48,1,1"
"Target","2","Recurrent layer weights","blk.2.ssm_alpha.weight","Vulkan0","Vulkan0","q8_0","130560","2560,48,1,1"
"Target","2","Recurrent layer weights","blk.2.ssm_norm.weight","Vulkan0","Vulkan0","f32","512","128,1,1,1"
"Target","2","Recurrent layer weights","blk.2.ssm_out.weight","Vulkan0","Vulkan0","q8_0","16711680","6144,2560,1,1"
"Target","2","Expert routers","blk.2.ffn_gate_inp.weight","Vulkan0","Vulkan0","f32","5242880","2560,512,1,1"
"Target","2","Shared experts","blk.2.ffn_gate_inp_shexp.weight","Vulkan0","Vulkan0","f32","10240","2560,1,1,1"
"Target","2","Shared experts","blk.2.ffn_gate_shexp.weight","Vulkan0","Vulkan0","q8_0","1740800","2560,640,1,1"
"Target","2","Shared experts","blk.2.ffn_up_shexp.weight","Vulkan0","Vulkan0","q8_0","1740800","2560,640,1,1"
"Target","2","Shared experts","blk.2.ffn_down_shexp.weight","Vulkan0","Vulkan0","q8_0","1740800","640,2560,1,1"
"Target","3","Hyperconnection mixers","blk.3.hc_attn_norm.weight","Vulkan0","Vulkan0","f32","40960","10240,1,1,1"
"Target","3","Hyperconnection mixers","blk.3.hc_attn_down.weight","Vulkan0","Vulkan0","q8_0","3481600","10240,320,1,1"
"Target","3","Hyperconnection mixers","blk.3.hc_attn_up.weight","Vulkan0","Vulkan0","q8_0","3481600","320,10240,1,1"
"Target","3","Hyperconnection mixers","blk.3.hc_attn_inject.weight","Vulkan0","Vulkan0","q8_0","43520","10240,4,1,1"
"Target","3","Hyperconnection mixers","blk.3.hc_ffn_norm.weight","Vulkan0","Vulkan0","f32","40960","10240,1,1,1"
"Target","3","Hyperconnection mixers","blk.3.hc_ffn_down.weight","Vulkan0","Vulkan0","q8_0","3481600","10240,320,1,1"
"Target","3","Hyperconnection mixers","blk.3.hc_ffn_up.weight","Vulkan0","Vulkan0","q8_0","3481600","320,10240,1,1"
"Target","3","Hyperconnection mixers","blk.3.hc_ffn_inject.weight","Vulkan0","Vulkan0","q8_0","43520","10240,4,1,1"
"Target","3","Attention and indexer weights","blk.3.attn_q.weight","Vulkan0","Vulkan0","q8_0","33423360","2560,12288,1,1"
"Target","3","Attention and indexer weights","blk.3.attn_k.weight","Vulkan0","Vulkan0","q8_0","1392640","2560,512,1,1"
"Target","3","Attention and indexer weights","blk.3.attn_v.weight","Vulkan0","Vulkan0","q8_0","1392640","2560,512,1,1"
"Target","3","Attention and indexer weights","blk.3.attn_output.weight","Vulkan0","Vulkan0","q8_0","16711680","6144,2560,1,1"
"Target","3","Attention and indexer weights","blk.3.attn_q_norm.weight","Vulkan0","Vulkan0","f32","1024","256,1,1,1"
"Target","3","Attention and indexer weights","blk.3.attn_k_norm.weight","Vulkan0","Vulkan0","f32","1024","256,1,1,1"
"Target","3","Other dense weights","blk.3.indexer.q_proj.weight","Vulkan0","Vulkan0","bf16","2621440","2560,512,1,1"
"Target","3","Other dense weights","blk.3.indexer.k_proj.weight","Vulkan0","Vulkan0","bf16","655360","2560,128,1,1"
"Target","3","Other dense weights","blk.3.indexer.q_norm.weight","Vulkan0","Vulkan0","f32","512","128,1,1,1"
"Target","3","Other dense weights","blk.3.indexer.k_norm.weight","Vulkan0","Vulkan0","f32","512","128,1,1,1"
"Target","3","Expert routers","blk.3.ffn_gate_inp.weight","Vulkan0","Vulkan0","f32","5242880","2560,512,1,1"
"Target","3","Shared experts","blk.3.ffn_gate_inp_shexp.weight","Vulkan0","Vulkan0","f32","10240","2560,1,1,1"
"Target","3","Shared experts","blk.3.ffn_gate_shexp.weight","Vulkan0","Vulkan0","q8_0","1740800","2560,640,1,1"
"Target","3","Shared experts","blk.3.ffn_up_shexp.weight","Vulkan0","Vulkan0","q8_0","1740800","2560,640,1,1"
"Target","3","Shared experts","blk.3.ffn_down_shexp.weight","Vulkan0","Vulkan0","q8_0","1740800","640,2560,1,1"
"Target","4","Hyperconnection mixers","blk.4.hc_attn_norm.weight","Vulkan0","Vulkan0","f32","40960","10240,1,1,1"
"Target","4","Hyperconnection mixers","blk.4.hc_attn_down.weight","Vulkan0","Vulkan0","q8_0","3481600","10240,320,1,1"
"Target","4","Hyperconnection mixers","blk.4.hc_attn_up.weight","Vulkan0","Vulkan0","q8_0","3481600","320,10240,1,1"
"Target","4","Hyperconnection mixers","blk.4.hc_attn_inject.weight","Vulkan0","Vulkan0","q8_0","43520","10240,4,1,1"
"Target","4","Hyperconnection mixers","blk.4.hc_ffn_norm.weight","Vulkan0","Vulkan0","f32","40960","10240,1,1,1"
"Target","4","Hyperconnection mixers","blk.4.hc_ffn_down.weight","Vulkan0","Vulkan0","q8_0","3481600","10240,320,1,1"
"Target","4","Hyperconnection mixers","blk.4.hc_ffn_up.weight","Vulkan0","Vulkan0","q8_0","3481600","320,10240,1,1"
"Target","4","Hyperconnection mixers","blk.4.hc_ffn_inject.weight","Vulkan0","Vulkan0","q8_0","43520","10240,4,1,1"
"Target","4","Attention and indexer weights","blk.4.attn_qkv.weight","Vulkan0","Vulkan0","q8_0","27852800","2560,10240,1,1"
"Target","4","Attention and indexer weights","blk.4.attn_gate.weight","Vulkan0","Vulkan0","q8_0","16711680","2560,6144,1,1"
"Target","4","Recurrent layer weights","blk.4.ssm_conv1d.weight","Vulkan0","Vulkan0","f32","163840","4,10240,1,1"
"Target","4","Recurrent layer weights","blk.4.ssm_dt.bias","Vulkan0","Vulkan0","f32","192","48,1,1,1"
"Target","4","Recurrent layer weights","blk.4.ssm_a","Vulkan0","Vulkan0","f32","192","48,1,1,1"
"Target","4","Recurrent layer weights","blk.4.ssm_beta.weight","Vulkan0","Vulkan0","q8_0","130560","2560,48,1,1"
"Target","4","Recurrent layer weights","blk.4.ssm_alpha.weight","Vulkan0","Vulkan0","q8_0","130560","2560,48,1,1"
"Target","4","Recurrent layer weights","blk.4.ssm_norm.weight","Vulkan0","Vulkan0","f32","512","128,1,1,1"
"Target","4","Recurrent layer weights","blk.4.ssm_out.weight","Vulkan0","Vulkan0","q8_0","16711680","6144,2560,1,1"
"Target","4","Expert routers","blk.4.ffn_gate_inp.weight","Vulkan0","Vulkan0","f32","5242880","2560,512,1,1"
"Target","4","Shared experts","blk.4.ffn_gate_inp_shexp.weight","Vulkan0","Vulkan0","f32","10240","2560,1,1,1"
"Target","4","Shared experts","blk.4.ffn_gate_shexp.weight","Vulkan0","Vulkan0","q8_0","1740800","2560,640,1,1"
"Target","4","Shared experts","blk.4.ffn_up_shexp.weight","Vulkan0","Vulkan0","q8_0","1740800","2560,640,1,1"
"Target","4","Shared experts","blk.4.ffn_down_shexp.weight","Vulkan0","Vulkan0","q8_0","1740800","640,2560,1,1"
"Target","5","Hyperconnection mixers","blk.5.hc_attn_norm.weight","Vulkan0","Vulkan0","f32","40960","10240,1,1,1"
"Target","5","Hyperconnection mixers","blk.5.hc_attn_down.weight","Vulkan0","Vulkan0","q8_0","3481600","10240,320,1,1"
"Target","5","Hyperconnection mixers","blk.5.hc_attn_up.weight","Vulkan0","Vulkan0","q8_0","3481600","320,10240,1,1"
"Target","5","Hyperconnection mixers","blk.5.hc_attn_inject.weight","Vulkan0","Vulkan0","q8_0","43520","10240,4,1,1"
"Target","5","Hyperconnection mixers","blk.5.hc_ffn_norm.weight","Vulkan0","Vulkan0","f32","40960","10240,1,1,1"
"Target","5","Hyperconnection mixers","blk.5.hc_ffn_down.weight","Vulkan0","Vulkan0","q8_0","3481600","10240,320,1,1"
"Target","5","Hyperconnection mixers","blk.5.hc_ffn_up.weight","Vulkan0","Vulkan0","q8_0","3481600","320,10240,1,1"
"Target","5","Hyperconnection mixers","blk.5.hc_ffn_inject.weight","Vulkan0","Vulkan0","q8_0","43520","10240,4,1,1"
"Target","5","Attention and indexer weights","blk.5.attn_qkv.weight","Vulkan0","Vulkan0","q8_0","27852800","2560,10240,1,1"
"Target","5","Attention and indexer weights","blk.5.attn_gate.weight","Vulkan0","Vulkan0","q8_0","16711680","2560,6144,1,1"
"Target","5","Recurrent layer weights","blk.5.ssm_conv1d.weight","Vulkan0","Vulkan0","f32","163840","4,10240,1,1"
"Target","5","Recurrent layer weights","blk.5.ssm_dt.bias","Vulkan0","Vulkan0","f32","192","48,1,1,1"
"Target","5","Recurrent layer weights","blk.5.ssm_a","Vulkan0","Vulkan0","f32","192","48,1,1,1"
"Target","5","Recurrent layer weights","blk.5.ssm_beta.weight","Vulkan0","Vulkan0","q8_0","130560","2560,48,1,1"
"Target","5","Recurrent layer weights","blk.5.ssm_alpha.weight","Vulkan0","Vulkan0","q8_0","130560","2560,48,1,1"
"Target","5","Recurrent layer weights","blk.5.ssm_norm.weight","Vulkan0","Vulkan0","f32","512","128,1,1,1"
"Target","5","Recurrent layer weights","blk.5.ssm_out.weight","Vulkan0","Vulkan0","q8_0","16711680","6144,2560,1,1"
"Target","5","Expert routers","blk.5.ffn_gate_inp.weight","Vulkan0","Vulkan0","f32","5242880","2560,512,1,1"
"Target","5","Shared experts","blk.5.ffn_gate_inp_shexp.weight","Vulkan0","Vulkan0","f32","10240","2560,1,1,1"
"Target","5","Shared experts","blk.5.ffn_gate_shexp.weight","Vulkan0","Vulkan0","q8_0","1740800","2560,640,1,1"
"Target","5","Shared experts","blk.5.ffn_up_shexp.weight","Vulkan0","Vulkan0","q8_0","1740800","2560,640,1,1"
"Target","5","Shared experts","blk.5.ffn_down_shexp.weight","Vulkan0","Vulkan0","q8_0","1740800","640,2560,1,1"
"Target","6","Hyperconnection mixers","blk.6.hc_attn_norm.weight","Vulkan0","Vulkan0","f32","40960","10240,1,1,1"
"Target","6","Hyperconnection mixers","blk.6.hc_attn_down.weight","Vulkan0","Vulkan0","q8_0","3481600","10240,320,1,1"
"Target","6","Hyperconnection mixers","blk.6.hc_attn_up.weight","Vulkan0","Vulkan0","q8_0","3481600","320,10240,1,1"
"Target","6","Hyperconnection mixers","blk.6.hc_attn_inject.weight","Vulkan0","Vulkan0","q8_0","43520","10240,4,1,1"
"Target","6","Hyperconnection mixers","blk.6.hc_ffn_norm.weight","Vulkan0","Vulkan0","f32","40960","10240,1,1,1"
"Target","6","Hyperconnection mixers","blk.6.hc_ffn_down.weight","Vulkan0","Vulkan0","q8_0","3481600","10240,320,1,1"
"Target","6","Hyperconnection mixers","blk.6.hc_ffn_up.weight","Vulkan0","Vulkan0","q8_0","3481600","320,10240,1,1"
"Target","6","Hyperconnection mixers","blk.6.hc_ffn_inject.weight","Vulkan0","Vulkan0","q8_0","43520","10240,4,1,1"
"Target","6","Attention and indexer weights","blk.6.attn_qkv.weight","Vulkan0","Vulkan0","q8_0","27852800","2560,10240,1,1"
"Target","6","Attention and indexer weights","blk.6.attn_gate.weight","Vulkan0","Vulkan0","q8_0","16711680","2560,6144,1,1"
"Target","6","Recurrent layer weights","blk.6.ssm_conv1d.weight","Vulkan0","Vulkan0","f32","163840","4,10240,1,1"
"Target","6","Recurrent layer weights","blk.6.ssm_dt.bias","Vulkan0","Vulkan0","f32","192","48,1,1,1"
"Target","6","Recurrent layer weights","blk.6.ssm_a","Vulkan0","Vulkan0","f32","192","48,1,1,1"
"Target","6","Recurrent layer weights","blk.6.ssm_beta.weight","Vulkan0","Vulkan0","q8_0","130560","2560,48,1,1"
"Target","6","Recurrent layer weights","blk.6.ssm_alpha.weight","Vulkan0","Vulkan0","q8_0","130560","2560,48,1,1"
"Target","6","Recurrent layer weights","blk.6.ssm_norm.weight","Vulkan0","Vulkan0","f32","512","128,1,1,1"
"Target","6","Recurrent layer weights","blk.6.ssm_out.weight","Vulkan0","Vulkan0","q8_0","16711680","6144,2560,1,1"
"Target","6","Expert routers","blk.6.ffn_gate_inp.weight","Vulkan0","Vulkan0","f32","5242880","2560,512,1,1"
"Target","6","Shared experts","blk.6.ffn_gate_inp_shexp.weight","Vulkan0","Vulkan0","f32","10240","2560,1,1,1"
"Target","6","Shared experts","blk.6.ffn_gate_shexp.weight","Vulkan0","Vulkan0","q8_0","1740800","2560,640,1,1"
"Target","6","Shared experts","blk.6.ffn_up_shexp.weight","Vulkan0","Vulkan0","q8_0","1740800","2560,640,1,1"
"Target","6","Shared experts","blk.6.ffn_down_shexp.weight","Vulkan0","Vulkan0","q8_0","1740800","640,2560,1,1"
"Target","7","Hyperconnection mixers","blk.7.hc_attn_norm.weight","Vulkan0","Vulkan0","f32","40960","10240,1,1,1"
"Target","7","Hyperconnection mixers","blk.7.hc_attn_down.weight","Vulkan0","Vulkan0","q8_0","3481600","10240,320,1,1"
"Target","7","Hyperconnection mixers","blk.7.hc_attn_up.weight","Vulkan0","Vulkan0","q8_0","3481600","320,10240,1,1"
"Target","7","Hyperconnection mixers","blk.7.hc_attn_inject.weight","Vulkan0","Vulkan0","q8_0","43520","10240,4,1,1"
"Target","7","Hyperconnection mixers","blk.7.hc_ffn_norm.weight","Vulkan0","Vulkan0","f32","40960","10240,1,1,1"
"Target","7","Hyperconnection mixers","blk.7.hc_ffn_down.weight","Vulkan0","Vulkan0","q8_0","3481600","10240,320,1,1"
"Target","7","Hyperconnection mixers","blk.7.hc_ffn_up.weight","Vulkan0","Vulkan0","q8_0","3481600","320,10240,1,1"
"Target","7","Hyperconnection mixers","blk.7.hc_ffn_inject.weight","Vulkan0","Vulkan0","q8_0","43520","10240,4,1,1"
"Target","7","Attention and indexer weights","blk.7.attn_q.weight","Vulkan0","Vulkan0","q8_0","33423360","2560,12288,1,1"
"Target","7","Attention and indexer weights","blk.7.attn_k.weight","Vulkan0","Vulkan0","q8_0","1392640","2560,512,1,1"
"Target","7","Attention and indexer weights","blk.7.attn_v.weight","Vulkan0","Vulkan0","q8_0","1392640","2560,512,1,1"
"Target","7","Attention and indexer weights","blk.7.attn_output.weight","Vulkan0","Vulkan0","q8_0","16711680","6144,2560,1,1"
"Target","7","Attention and indexer weights","blk.7.attn_q_norm.weight","Vulkan0","Vulkan0","f32","1024","256,1,1,1"
"Target","7","Attention and indexer weights","blk.7.attn_k_norm.weight","Vulkan0","Vulkan0","f32","1024","256,1,1,1"
"Target","7","Other dense weights","blk.7.indexer.q_proj.weight","Vulkan0","Vulkan0","bf16","2621440","2560,512,1,1"
"Target","7","Other dense weights","blk.7.indexer.k_proj.weight","Vulkan0","Vulkan0","bf16","655360","2560,128,1,1"
"Target","7","Other dense weights","blk.7.indexer.q_norm.weight","Vulkan0","Vulkan0","f32","512","128,1,1,1"
"Target","7","Other dense weights","blk.7.indexer.k_norm.weight","Vulkan0","Vulkan0","f32","512","128,1,1,1"
"Target","7","Expert routers","blk.7.ffn_gate_inp.weight","Vulkan0","Vulkan0","f32","5242880","2560,512,1,1"
"Target","7","Shared experts","blk.7.ffn_gate_inp_shexp.weight","Vulkan0","Vulkan0","f32","10240","2560,1,1,1"
"Target","7","Shared experts","blk.7.ffn_gate_shexp.weight","Vulkan0","Vulkan0","q8_0","1740800","2560,640,1,1"
"Target","7","Shared experts","blk.7.ffn_up_shexp.weight","Vulkan0","Vulkan0","q8_0","1740800","2560,640,1,1"
"Target","7","Shared experts","blk.7.ffn_down_shexp.weight","Vulkan0","Vulkan0","q8_0","1740800","640,2560,1,1"
"Target","8","Hyperconnection mixers","blk.8.hc_attn_norm.weight","Vulkan0","Vulkan0","f32","40960","10240,1,1,1"
"Target","8","Hyperconnection mixers","blk.8.hc_attn_down.weight","Vulkan0","Vulkan0","q8_0","3481600","10240,320,1,1"
"Target","8","Hyperconnection mixers","blk.8.hc_attn_up.weight","Vulkan0","Vulkan0","q8_0","3481600","320,10240,1,1"
"Target","8","Hyperconnection mixers","blk.8.hc_attn_inject.weight","Vulkan0","Vulkan0","q8_0","43520","10240,4,1,1"
"Target","8","Hyperconnection mixers","blk.8.hc_ffn_norm.weight","Vulkan0","Vulkan0","f32","40960","10240,1,1,1"
"Target","8","Hyperconnection mixers","blk.8.hc_ffn_down.weight","Vulkan0","Vulkan0","q8_0","3481600","10240,320,1,1"
"Target","8","Hyperconnection mixers","blk.8.hc_ffn_up.weight","Vulkan0","Vulkan0","q8_0","3481600","320,10240,1,1"
"Target","8","Hyperconnection mixers","blk.8.hc_ffn_inject.weight","Vulkan0","Vulkan0","q8_0","43520","10240,4,1,1"
"Target","8","Attention and indexer weights","blk.8.attn_qkv.weight","Vulkan0","Vulkan0","q8_0","27852800","2560,10240,1,1"
"Target","8","Attention and indexer weights","blk.8.attn_gate.weight","Vulkan0","Vulkan0","q8_0","16711680","2560,6144,1,1"
"Target","8","Recurrent layer weights","blk.8.ssm_conv1d.weight","Vulkan0","Vulkan0","f32","163840","4,10240,1,1"
"Target","8","Recurrent layer weights","blk.8.ssm_dt.bias","Vulkan0","Vulkan0","f32","192","48,1,1,1"
"Target","8","Recurrent layer weights","blk.8.ssm_a","Vulkan0","Vulkan0","f32","192","48,1,1,1"
"Target","8","Recurrent layer weights","blk.8.ssm_beta.weight","Vulkan0","Vulkan0","q8_0","130560","2560,48,1,1"
"Target","8","Recurrent layer weights","blk.8.ssm_alpha.weight","Vulkan0","Vulkan0","q8_0","130560","2560,48,1,1"
"Target","8","Recurrent layer weights","blk.8.ssm_norm.weight","Vulkan0","Vulkan0","f32","512","128,1,1,1"
"Target","8","Recurrent layer weights","blk.8.ssm_out.weight","Vulkan0","Vulkan0","q8_0","16711680","6144,2560,1,1"
"Target","8","Expert routers","blk.8.ffn_gate_inp.weight","Vulkan0","Vulkan0","f32","5242880","2560,512,1,1"
"Target","8","Shared experts","blk.8.ffn_gate_inp_shexp.weight","Vulkan0","Vulkan0","f32","10240","2560,1,1,1"
"Target","8","Shared experts","blk.8.ffn_gate_shexp.weight","Vulkan0","Vulkan0","q8_0","1740800","2560,640,1,1"
"Target","8","Shared experts","blk.8.ffn_up_shexp.weight","Vulkan0","Vulkan0","q8_0","1740800","2560,640,1,1"
"Target","8","Shared experts","blk.8.ffn_down_shexp.weight","Vulkan0","Vulkan0","q8_0","1740800","640,2560,1,1"
"Target","9","Hyperconnection mixers","blk.9.hc_attn_norm.weight","Vulkan0","Vulkan0","f32","40960","10240,1,1,1"
"Target","9","Hyperconnection mixers","blk.9.hc_attn_down.weight","Vulkan0","Vulkan0","q8_0","3481600","10240,320,1,1"
"Target","9","Hyperconnection mixers","blk.9.hc_attn_up.weight","Vulkan0","Vulkan0","q8_0","3481600","320,10240,1,1"
"Target","9","Hyperconnection mixers","blk.9.hc_attn_inject.weight","Vulkan0","Vulkan0","q8_0","43520","10240,4,1,1"
"Target","9","Hyperconnection mixers","blk.9.hc_ffn_norm.weight","Vulkan0","Vulkan0","f32","40960","10240,1,1,1"
"Target","9","Hyperconnection mixers","blk.9.hc_ffn_down.weight","Vulkan0","Vulkan0","q8_0","3481600","10240,320,1,1"
"Target","9","Hyperconnection mixers","blk.9.hc_ffn_up.weight","Vulkan0","Vulkan0","q8_0","3481600","320,10240,1,1"
"Target","9","Hyperconnection mixers","blk.9.hc_ffn_inject.weight","Vulkan0","Vulkan0","q8_0","43520","10240,4,1,1"
"Target","9","Attention and indexer weights","blk.9.attn_qkv.weight","Vulkan0","Vulkan0","q8_0","27852800","2560,10240,1,1"
"Target","9","Attention and indexer weights","blk.9.attn_gate.weight","Vulkan0","Vulkan0","q8_0","16711680","2560,6144,1,1"
"Target","9","Recurrent layer weights","blk.9.ssm_conv1d.weight","Vulkan0","Vulkan0","f32","163840","4,10240,1,1"
"Target","9","Recurrent layer weights","blk.9.ssm_dt.bias","Vulkan0","Vulkan0","f32","192","48,1,1,1"
"Target","9","Recurrent layer weights","blk.9.ssm_a","Vulkan0","Vulkan0","f32","192","48,1,1,1"
"Target","9","Recurrent layer weights","blk.9.ssm_beta.weight","Vulkan0","Vulkan0","q8_0","130560","2560,48,1,1"
"Target","9","Recurrent layer weights","blk.9.ssm_alpha.weight","Vulkan0","Vulkan0","q8_0","130560","2560,48,1,1"
"Target","9","Recurrent layer weights","blk.9.ssm_norm.weight","Vulkan0","Vulkan0","f32","512","128,1,1,1"
"Target","9","Recurrent layer weights","blk.9.ssm_out.weight","Vulkan0","Vulkan0","q8_0","16711680","6144,2560,1,1"
"Target","9","Expert routers","blk.9.ffn_gate_inp.weight","Vulkan0","Vulkan0","f32","5242880","2560,512,1,1"
"Target","9","Shared experts","blk.9.ffn_gate_inp_shexp.weight","Vulkan0","Vulkan0","f32","10240","2560,1,1,1"
"Target","9","Shared experts","blk.9.ffn_gate_shexp.weight","Vulkan0","Vulkan0","q8_0","1740800","2560,640,1,1"
"Target","9","Shared experts","blk.9.ffn_up_shexp.weight","Vulkan0","Vulkan0","q8_0","1740800","2560,640,1,1"
"Target","9","Shared experts","blk.9.ffn_down_shexp.weight","Vulkan0","Vulkan0","q8_0","1740800","640,2560,1,1"
"Target","10","Hyperconnection mixers","blk.10.hc_attn_norm.weight","Vulkan0","Vulkan0","f32","40960","10240,1,1,1"
"Target","10","Hyperconnection mixers","blk.10.hc_attn_down.weight","Vulkan0","Vulkan0","q8_0","3481600","10240,320,1,1"
"Target","10","Hyperconnection mixers","blk.10.hc_attn_up.weight","Vulkan0","Vulkan0","q8_0","3481600","320,10240,1,1"
"Target","10","Hyperconnection mixers","blk.10.hc_attn_inject.weight","Vulkan0","Vulkan0","q8_0","43520","10240,4,1,1"
"Target","10","Hyperconnection mixers","blk.10.hc_ffn_norm.weight","Vulkan0","Vulkan0","f32","40960","10240,1,1,1"
"Target","10","Hyperconnection mixers","blk.10.hc_ffn_down.weight","Vulkan0","Vulkan0","q8_0","3481600","10240,320,1,1"
"Target","10","Hyperconnection mixers","blk.10.hc_ffn_up.weight","Vulkan0","Vulkan0","q8_0","3481600","320,10240,1,1"
"Target","10","Hyperconnection mixers","blk.10.hc_ffn_inject.weight","Vulkan0","Vulkan0","q8_0","43520","10240,4,1,1"
"Target","10","Attention and indexer weights","blk.10.attn_qkv.weight","Vulkan0","Vulkan0","q8_0","27852800","2560,10240,1,1"
"Target","10","Attention and indexer weights","blk.10.attn_gate.weight","Vulkan0","Vulkan0","q8_0","16711680","2560,6144,1,1"
"Target","10","Recurrent layer weights","blk.10.ssm_conv1d.weight","Vulkan0","Vulkan0","f32","163840","4,10240,1,1"
"Target","10","Recurrent layer weights","blk.10.ssm_dt.bias","Vulkan0","Vulkan0","f32","192","48,1,1,1"
"Target","10","Recurrent layer weights","blk.10.ssm_a","Vulkan0","Vulkan0","f32","192","48,1,1,1"
"Target","10","Recurrent layer weights","blk.10.ssm_beta.weight","Vulkan0","Vulkan0","q8_0","130560","2560,48,1,1"
"Target","10","Recurrent layer weights","blk.10.ssm_alpha.weight","Vulkan0","Vulkan0","q8_0","130560","2560,48,1,1"
"Target","10","Recurrent layer weights","blk.10.ssm_norm.weight","Vulkan0","Vulkan0","f32","512","128,1,1,1"
"Target","10","Recurrent layer weights","blk.10.ssm_out.weight","Vulkan0","Vulkan0","q8_0","16711680","6144,2560,1,1"
"Target","10","Expert routers","blk.10.ffn_gate_inp.weight","Vulkan0","Vulkan0","f32","5242880","2560,512,1,1"
"Target","10","Shared experts","blk.10.ffn_gate_inp_shexp.weight","Vulkan0","Vulkan0","f32","10240","2560,1,1,1"
"Target","10","Shared experts","blk.10.ffn_gate_shexp.weight","Vulkan0","Vulkan0","q8_0","1740800","2560,640,1,1"
"Target","10","Shared experts","blk.10.ffn_up_shexp.weight","Vulkan0","Vulkan0","q8_0","1740800","2560,640,1,1"
"Target","10","Shared experts","blk.10.ffn_down_shexp.weight","Vulkan0","Vulkan0","q8_0","1740800","640,2560,1,1"
"Target","11","Hyperconnection mixers","blk.11.hc_attn_norm.weight","Vulkan0","Vulkan0","f32","40960","10240,1,1,1"
"Target","11","Hyperconnection mixers","blk.11.hc_attn_down.weight","Vulkan0","Vulkan0","q8_0","3481600","10240,320,1,1"
"Target","11","Hyperconnection mixers","blk.11.hc_attn_up.weight","Vulkan0","Vulkan0","q8_0","3481600","320,10240,1,1"
"Target","11","Hyperconnection mixers","blk.11.hc_attn_inject.weight","Vulkan0","Vulkan0","q8_0","43520","10240,4,1,1"
"Target","11","Hyperconnection mixers","blk.11.hc_ffn_norm.weight","Vulkan0","Vulkan0","f32","40960","10240,1,1,1"
"Target","11","Hyperconnection mixers","blk.11.hc_ffn_down.weight","Vulkan0","Vulkan0","q8_0","3481600","10240,320,1,1"
"Target","11","Hyperconnection mixers","blk.11.hc_ffn_up.weight","Vulkan0","Vulkan0","q8_0","3481600","320,10240,1,1"
"Target","11","Hyperconnection mixers","blk.11.hc_ffn_inject.weight","Vulkan0","Vulkan0","q8_0","43520","10240,4,1,1"
"Target","11","Attention and indexer weights","blk.11.attn_q.weight","Vulkan0","Vulkan0","q8_0","33423360","2560,12288,1,1"
"Target","11","Attention and indexer weights","blk.11.attn_k.weight","Vulkan0","Vulkan0","q8_0","1392640","2560,512,1,1"
"Target","11","Attention and indexer weights","blk.11.attn_v.weight","Vulkan0","Vulkan0","q8_0","1392640","2560,512,1,1"
"Target","11","Attention and indexer weights","blk.11.attn_output.weight","Vulkan0","Vulkan0","q8_0","16711680","6144,2560,1,1"
"Target","11","Attention and indexer weights","blk.11.attn_q_norm.weight","Vulkan0","Vulkan0","f32","1024","256,1,1,1"
"Target","11","Attention and indexer weights","blk.11.attn_k_norm.weight","Vulkan0","Vulkan0","f32","1024","256,1,1,1"
"Target","11","Other dense weights","blk.11.indexer.q_proj.weight","Vulkan0","Vulkan0","bf16","2621440","2560,512,1,1"
"Target","11","Other dense weights","blk.11.indexer.k_proj.weight","Vulkan0","Vulkan0","bf16","655360","2560,128,1,1"
"Target","11","Other dense weights","blk.11.indexer.q_norm.weight","Vulkan0","Vulkan0","f32","512","128,1,1,1"
"Target","11","Other dense weights","blk.11.indexer.k_norm.weight","Vulkan0","Vulkan0","f32","512","128,1,1,1"
"Target","11","Expert routers","blk.11.ffn_gate_inp.weight","Vulkan0","Vulkan0","f32","5242880","2560,512,1,1"
"Target","11","Shared experts","blk.11.ffn_gate_inp_shexp.weight","Vulkan0","Vulkan0","f32","10240","2560,1,1,1"
"Target","11","Shared experts","blk.11.ffn_gate_shexp.weight","Vulkan0","Vulkan0","q8_0","1740800","2560,640,1,1"
"Target","11","Shared experts","blk.11.ffn_up_shexp.weight","Vulkan0","Vulkan0","q8_0","1740800","2560,640,1,1"
"Target","11","Shared experts","blk.11.ffn_down_shexp.weight","Vulkan0","Vulkan0","q8_0","1740800","640,2560,1,1"
"Target","12","Hyperconnection mixers","blk.12.hc_attn_norm.weight","Vulkan0","Vulkan0","f32","40960","10240,1,1,1"
"Target","12","Hyperconnection mixers","blk.12.hc_attn_down.weight","Vulkan0","Vulkan0","q8_0","3481600","10240,320,1,1"
"Target","12","Hyperconnection mixers","blk.12.hc_attn_up.weight","Vulkan0","Vulkan0","q8_0","3481600","320,10240,1,1"
"Target","12","Hyperconnection mixers","blk.12.hc_attn_inject.weight","Vulkan0","Vulkan0","q8_0","43520","10240,4,1,1"
"Target","12","Hyperconnection mixers","blk.12.hc_ffn_norm.weight","Vulkan0","Vulkan0","f32","40960","10240,1,1,1"
"Target","12","Hyperconnection mixers","blk.12.hc_ffn_down.weight","Vulkan0","Vulkan0","q8_0","3481600","10240,320,1,1"
"Target","12","Hyperconnection mixers","blk.12.hc_ffn_up.weight","Vulkan0","Vulkan0","q8_0","3481600","320,10240,1,1"
"Target","12","Hyperconnection mixers","blk.12.hc_ffn_inject.weight","Vulkan0","Vulkan0","q8_0","43520","10240,4,1,1"
"Target","12","Attention and indexer weights","blk.12.attn_qkv.weight","Vulkan0","Vulkan0","q8_0","27852800","2560,10240,1,1"
"Target","12","Attention and indexer weights","blk.12.attn_gate.weight","Vulkan0","Vulkan0","q8_0","16711680","2560,6144,1,1"
"Target","12","Recurrent layer weights","blk.12.ssm_conv1d.weight","Vulkan0","Vulkan0","f32","163840","4,10240,1,1"
"Target","12","Recurrent layer weights","blk.12.ssm_dt.bias","Vulkan0","Vulkan0","f32","192","48,1,1,1"
"Target","12","Recurrent layer weights","blk.12.ssm_a","Vulkan0","Vulkan0","f32","192","48,1,1,1"
"Target","12","Recurrent layer weights","blk.12.ssm_beta.weight","Vulkan0","Vulkan0","q8_0","130560","2560,48,1,1"
"Target","12","Recurrent layer weights","blk.12.ssm_alpha.weight","Vulkan0","Vulkan0","q8_0","130560","2560,48,1,1"
"Target","12","Recurrent layer weights","blk.12.ssm_norm.weight","Vulkan0","Vulkan0","f32","512","128,1,1,1"
"Target","12","Recurrent layer weights","blk.12.ssm_out.weight","Vulkan0","Vulkan0","q8_0","16711680","6144,2560,1,1"
"Target","12","Expert routers","blk.12.ffn_gate_inp.weight","Vulkan0","Vulkan0","f32","5242880","2560,512,1,1"
"Target","12","Shared experts","blk.12.ffn_gate_inp_shexp.weight","Vulkan0","Vulkan0","f32","10240","2560,1,1,1"
"Target","12","Shared experts","blk.12.ffn_gate_shexp.weight","Vulkan0","Vulkan0","q8_0","1740800","2560,640,1,1"
"Target","12","Shared experts","blk.12.ffn_up_shexp.weight","Vulkan0","Vulkan0","q8_0","1740800","2560,640,1,1"
"Target","12","Shared experts","blk.12.ffn_down_shexp.weight","Vulkan0","Vulkan0","q8_0","1740800","640,2560,1,1"
"Target","13","Hyperconnection mixers","blk.13.hc_attn_norm.weight","Vulkan0","Vulkan0","f32","40960","10240,1,1,1"
"Target","13","Hyperconnection mixers","blk.13.hc_attn_down.weight","Vulkan0","Vulkan0","q8_0","3481600","10240,320,1,1"
"Target","13","Hyperconnection mixers","blk.13.hc_attn_up.weight","Vulkan0","Vulkan0","q8_0","3481600","320,10240,1,1"
"Target","13","Hyperconnection mixers","blk.13.hc_attn_inject.weight","Vulkan0","Vulkan0","q8_0","43520","10240,4,1,1"
"Target","13","Hyperconnection mixers","blk.13.hc_ffn_norm.weight","Vulkan0","Vulkan0","f32","40960","10240,1,1,1"
"Target","13","Hyperconnection mixers","blk.13.hc_ffn_down.weight","Vulkan0","Vulkan0","q8_0","3481600","10240,320,1,1"
"Target","13","Hyperconnection mixers","blk.13.hc_ffn_up.weight","Vulkan0","Vulkan0","q8_0","3481600","320,10240,1,1"
"Target","13","Hyperconnection mixers","blk.13.hc_ffn_inject.weight","Vulkan0","Vulkan0","q8_0","43520","10240,4,1,1"
"Target","13","Attention and indexer weights","blk.13.attn_qkv.weight","Vulkan0","Vulkan0","q8_0","27852800","2560,10240,1,1"
"Target","13","Attention and indexer weights","blk.13.attn_gate.weight","Vulkan0","Vulkan0","q8_0","16711680","2560,6144,1,1"
"Target","13","Recurrent layer weights","blk.13.ssm_conv1d.weight","Vulkan0","Vulkan0","f32","163840","4,10240,1,1"
"Target","13","Recurrent layer weights","blk.13.ssm_dt.bias","Vulkan0","Vulkan0","f32","192","48,1,1,1"
"Target","13","Recurrent layer weights","blk.13.ssm_a","Vulkan0","Vulkan0","f32","192","48,1,1,1"
"Target","13","Recurrent layer weights","blk.13.ssm_beta.weight","Vulkan0","Vulkan0","q8_0","130560","2560,48,1,1"
"Target","13","Recurrent layer weights","blk.13.ssm_alpha.weight","Vulkan0","Vulkan0","q8_0","130560","2560,48,1,1"
"Target","13","Recurrent layer weights","blk.13.ssm_norm.weight","Vulkan0","Vulkan0","f32","512","128,1,1,1"
"Target","13","Recurrent layer weights","blk.13.ssm_out.weight","Vulkan0","Vulkan0","q8_0","16711680","6144,2560,1,1"
"Target","13","Expert routers","blk.13.ffn_gate_inp.weight","Vulkan0","Vulkan0","f32","5242880","2560,512,1,1"
"Target","13","Shared experts","blk.13.ffn_gate_inp_shexp.weight","Vulkan0","Vulkan0","f32","10240","2560,1,1,1"
"Target","13","Shared experts","blk.13.ffn_gate_shexp.weight","Vulkan0","Vulkan0","q8_0","1740800","2560,640,1,1"
"Target","13","Shared experts","blk.13.ffn_up_shexp.weight","Vulkan0","Vulkan0","q8_0","1740800","2560,640,1,1"
"Target","13","Shared experts","blk.13.ffn_down_shexp.weight","Vulkan0","Vulkan0","q8_0","1740800","640,2560,1,1"
"Target","14","Hyperconnection mixers","blk.14.hc_attn_norm.weight","Vulkan0","Vulkan0","f32","40960","10240,1,1,1"
"Target","14","Hyperconnection mixers","blk.14.hc_attn_down.weight","Vulkan0","Vulkan0","q8_0","3481600","10240,320,1,1"
"Target","14","Hyperconnection mixers","blk.14.hc_attn_up.weight","Vulkan0","Vulkan0","q8_0","3481600","320,10240,1,1"
"Target","14","Hyperconnection mixers","blk.14.hc_attn_inject.weight","Vulkan0","Vulkan0","q8_0","43520","10240,4,1,1"
"Target","14","Hyperconnection mixers","blk.14.hc_ffn_norm.weight","Vulkan0","Vulkan0","f32","40960","10240,1,1,1"
"Target","14","Hyperconnection mixers","blk.14.hc_ffn_down.weight","Vulkan0","Vulkan0","q8_0","3481600","10240,320,1,1"
"Target","14","Hyperconnection mixers","blk.14.hc_ffn_up.weight","Vulkan0","Vulkan0","q8_0","3481600","320,10240,1,1"
"Target","14","Hyperconnection mixers","blk.14.hc_ffn_inject.weight","Vulkan0","Vulkan0","q8_0","43520","10240,4,1,1"
"Target","14","Attention and indexer weights","blk.14.attn_qkv.weight","Vulkan0","Vulkan0","q8_0","27852800","2560,10240,1,1"
"Target","14","Attention and indexer weights","blk.14.attn_gate.weight","Vulkan0","Vulkan0","q8_0","16711680","2560,6144,1,1"
"Target","14","Recurrent layer weights","blk.14.ssm_conv1d.weight","Vulkan0","Vulkan0","f32","163840","4,10240,1,1"
"Target","14","Recurrent layer weights","blk.14.ssm_dt.bias","Vulkan0","Vulkan0","f32","192","48,1,1,1"
"Target","14","Recurrent layer weights","blk.14.ssm_a","Vulkan0","Vulkan0","f32","192","48,1,1,1"
"Target","14","Recurrent layer weights","blk.14.ssm_beta.weight","Vulkan0","Vulkan0","q8_0","130560","2560,48,1,1"
"Target","14","Recurrent layer weights","blk.14.ssm_alpha.weight","Vulkan0","Vulkan0","q8_0","130560","2560,48,1,1"
"Target","14","Recurrent layer weights","blk.14.ssm_norm.weight","Vulkan0","Vulkan0","f32","512","128,1,1,1"
"Target","14","Recurrent layer weights","blk.14.ssm_out.weight","Vulkan0","Vulkan0","q8_0","16711680","6144,2560,1,1"
"Target","14","Expert routers","blk.14.ffn_gate_inp.weight","Vulkan0","Vulkan0","f32","5242880","2560,512,1,1"
"Target","14","Shared experts","blk.14.ffn_gate_inp_shexp.weight","Vulkan0","Vulkan0","f32","10240","2560,1,1,1"
"Target","14","Shared experts","blk.14.ffn_gate_shexp.weight","Vulkan0","Vulkan0","q8_0","1740800","2560,640,1,1"
"Target","14","Shared experts","blk.14.ffn_up_shexp.weight","Vulkan0","Vulkan0","q8_0","1740800","2560,640,1,1"
"Target","14","Shared experts","blk.14.ffn_down_shexp.weight","Vulkan0","Vulkan0","q8_0","1740800","640,2560,1,1"
"Target","15","Hyperconnection mixers","blk.15.hc_attn_norm.weight","Vulkan0","Vulkan0","f32","40960","10240,1,1,1"
"Target","15","Hyperconnection mixers","blk.15.hc_attn_down.weight","Vulkan0","Vulkan0","q8_0","3481600","10240,320,1,1"
"Target","15","Hyperconnection mixers","blk.15.hc_attn_up.weight","Vulkan0","Vulkan0","q8_0","3481600","320,10240,1,1"
"Target","15","Hyperconnection mixers","blk.15.hc_attn_inject.weight","Vulkan0","Vulkan0","q8_0","43520","10240,4,1,1"
"Target","15","Hyperconnection mixers","blk.15.hc_ffn_norm.weight","Vulkan0","Vulkan0","f32","40960","10240,1,1,1"
"Target","15","Hyperconnection mixers","blk.15.hc_ffn_down.weight","Vulkan0","Vulkan0","q8_0","3481600","10240,320,1,1"
"Target","15","Hyperconnection mixers","blk.15.hc_ffn_up.weight","Vulkan0","Vulkan0","q8_0","3481600","320,10240,1,1"
"Target","15","Hyperconnection mixers","blk.15.hc_ffn_inject.weight","Vulkan0","Vulkan0","q8_0","43520","10240,4,1,1"
"Target","15","Attention and indexer weights","blk.15.attn_q.weight","Vulkan0","Vulkan0","q8_0","33423360","2560,12288,1,1"
"Target","15","Attention and indexer weights","blk.15.attn_k.weight","Vulkan0","Vulkan0","q8_0","1392640","2560,512,1,1"
"Target","15","Attention and indexer weights","blk.15.attn_v.weight","Vulkan0","Vulkan0","q8_0","1392640","2560,512,1,1"
"Target","15","Attention and indexer weights","blk.15.attn_output.weight","Vulkan0","Vulkan0","q8_0","16711680","6144,2560,1,1"
"Target","15","Attention and indexer weights","blk.15.attn_q_norm.weight","Vulkan0","Vulkan0","f32","1024","256,1,1,1"
"Target","15","Attention and indexer weights","blk.15.attn_k_norm.weight","Vulkan0","Vulkan0","f32","1024","256,1,1,1"
"Target","15","Other dense weights","blk.15.indexer.q_proj.weight","Vulkan0","Vulkan0","bf16","2621440","2560,512,1,1"
"Target","15","Other dense weights","blk.15.indexer.k_proj.weight","Vulkan0","Vulkan0","bf16","655360","2560,128,1,1"
"Target","15","Other dense weights","blk.15.indexer.q_norm.weight","Vulkan0","Vulkan0","f32","512","128,1,1,1"
"Target","15","Other dense weights","blk.15.indexer.k_norm.weight","Vulkan0","Vulkan0","f32","512","128,1,1,1"
"Target","15","Expert routers","blk.15.ffn_gate_inp.weight","Vulkan0","Vulkan0","f32","5242880","2560,512,1,1"
"Target","15","Shared experts","blk.15.ffn_gate_inp_shexp.weight","Vulkan0","Vulkan0","f32","10240","2560,1,1,1"
"Target","15","Shared experts","blk.15.ffn_gate_shexp.weight","Vulkan0","Vulkan0","q8_0","1740800","2560,640,1,1"
"Target","15","Shared experts","blk.15.ffn_up_shexp.weight","Vulkan0","Vulkan0","q8_0","1740800","2560,640,1,1"
"Target","15","Shared experts","blk.15.ffn_down_shexp.weight","Vulkan0","Vulkan0","q8_0","1740800","640,2560,1,1"
"Target","16","Hyperconnection mixers","blk.16.hc_attn_norm.weight","Vulkan0","Vulkan0","f32","40960","10240,1,1,1"
"Target","16","Hyperconnection mixers","blk.16.hc_attn_down.weight","Vulkan0","Vulkan0","q8_0","3481600","10240,320,1,1"
"Target","16","Hyperconnection mixers","blk.16.hc_attn_up.weight","Vulkan0","Vulkan0","q8_0","3481600","320,10240,1,1"
"Target","16","Hyperconnection mixers","blk.16.hc_attn_inject.weight","Vulkan0","Vulkan0","q8_0","43520","10240,4,1,1"
"Target","16","Hyperconnection mixers","blk.16.hc_ffn_norm.weight","Vulkan0","Vulkan0","f32","40960","10240,1,1,1"
"Target","16","Hyperconnection mixers","blk.16.hc_ffn_down.weight","Vulkan0","Vulkan0","q8_0","3481600","10240,320,1,1"
"Target","16","Hyperconnection mixers","blk.16.hc_ffn_up.weight","Vulkan0","Vulkan0","q8_0","3481600","320,10240,1,1"
"Target","16","Hyperconnection mixers","blk.16.hc_ffn_inject.weight","Vulkan0","Vulkan0","q8_0","43520","10240,4,1,1"
"Target","16","Attention and indexer weights","blk.16.attn_qkv.weight","Vulkan0","Vulkan0","q8_0","27852800","2560,10240,1,1"
"Target","16","Attention and indexer weights","blk.16.attn_gate.weight","Vulkan0","Vulkan0","q8_0","16711680","2560,6144,1,1"
"Target","16","Recurrent layer weights","blk.16.ssm_conv1d.weight","Vulkan0","Vulkan0","f32","163840","4,10240,1,1"
"Target","16","Recurrent layer weights","blk.16.ssm_dt.bias","Vulkan0","Vulkan0","f32","192","48,1,1,1"
"Target","16","Recurrent layer weights","blk.16.ssm_a","Vulkan0","Vulkan0","f32","192","48,1,1,1"
"Target","16","Recurrent layer weights","blk.16.ssm_beta.weight","Vulkan0","Vulkan0","q8_0","130560","2560,48,1,1"
"Target","16","Recurrent layer weights","blk.16.ssm_alpha.weight","Vulkan0","Vulkan0","q8_0","130560","2560,48,1,1"
"Target","16","Recurrent layer weights","blk.16.ssm_norm.weight","Vulkan0","Vulkan0","f32","512","128,1,1,1"
"Target","16","Recurrent layer weights","blk.16.ssm_out.weight","Vulkan0","Vulkan0","q8_0","16711680","6144,2560,1,1"
"Target","16","Expert routers","blk.16.ffn_gate_inp.weight","Vulkan0","Vulkan0","f32","5242880","2560,512,1,1"
"Target","16","Shared experts","blk.16.ffn_gate_inp_shexp.weight","Vulkan0","Vulkan0","f32","10240","2560,1,1,1"
"Target","16","Shared experts","blk.16.ffn_gate_shexp.weight","Vulkan0","Vulkan0","q8_0","1740800","2560,640,1,1"
"Target","16","Shared experts","blk.16.ffn_up_shexp.weight","Vulkan0","Vulkan0","q8_0","1740800","2560,640,1,1"
"Target","16","Shared experts","blk.16.ffn_down_shexp.weight","Vulkan0","Vulkan0","q8_0","1740800","640,2560,1,1"
"Target","17","Hyperconnection mixers","blk.17.hc_attn_norm.weight","Vulkan0","Vulkan0","f32","40960","10240,1,1,1"
"Target","17","Hyperconnection mixers","blk.17.hc_attn_down.weight","Vulkan0","Vulkan0","q8_0","3481600","10240,320,1,1"
"Target","17","Hyperconnection mixers","blk.17.hc_attn_up.weight","Vulkan0","Vulkan0","q8_0","3481600","320,10240,1,1"
"Target","17","Hyperconnection mixers","blk.17.hc_attn_inject.weight","Vulkan0","Vulkan0","q8_0","43520","10240,4,1,1"
"Target","17","Hyperconnection mixers","blk.17.hc_ffn_norm.weight","Vulkan0","Vulkan0","f32","40960","10240,1,1,1"
"Target","17","Hyperconnection mixers","blk.17.hc_ffn_down.weight","Vulkan0","Vulkan0","q8_0","3481600","10240,320,1,1"
"Target","17","Hyperconnection mixers","blk.17.hc_ffn_up.weight","Vulkan0","Vulkan0","q8_0","3481600","320,10240,1,1"
"Target","17","Hyperconnection mixers","blk.17.hc_ffn_inject.weight","Vulkan0","Vulkan0","q8_0","43520","10240,4,1,1"
"Target","17","Attention and indexer weights","blk.17.attn_qkv.weight","Vulkan0","Vulkan0","q8_0","27852800","2560,10240,1,1"
"Target","17","Attention and indexer weights","blk.17.attn_gate.weight","Vulkan0","Vulkan0","q8_0","16711680","2560,6144,1,1"
"Target","17","Recurrent layer weights","blk.17.ssm_conv1d.weight","Vulkan0","Vulkan0","f32","163840","4,10240,1,1"
"Target","17","Recurrent layer weights","blk.17.ssm_dt.bias","Vulkan0","Vulkan0","f32","192","48,1,1,1"
"Target","17","Recurrent layer weights","blk.17.ssm_a","Vulkan0","Vulkan0","f32","192","48,1,1,1"
"Target","17","Recurrent layer weights","blk.17.ssm_beta.weight","Vulkan0","Vulkan0","q8_0","130560","2560,48,1,1"
"Target","17","Recurrent layer weights","blk.17.ssm_alpha.weight","Vulkan0","Vulkan0","q8_0","130560","2560,48,1,1"
"Target","17","Recurrent layer weights","blk.17.ssm_norm.weight","Vulkan0","Vulkan0","f32","512","128,1,1,1"
"Target","17","Recurrent layer weights","blk.17.ssm_out.weight","Vulkan0","Vulkan0","q8_0","16711680","6144,2560,1,1"
"Target","17","Expert routers","blk.17.ffn_gate_inp.weight","Vulkan0","Vulkan0","f32","5242880","2560,512,1,1"
"Target","17","Shared experts","blk.17.ffn_gate_inp_shexp.weight","Vulkan0","Vulkan0","f32","10240","2560,1,1,1"
"Target","17","Shared experts","blk.17.ffn_gate_shexp.weight","Vulkan0","Vulkan0","q8_0","1740800","2560,640,1,1"
"Target","17","Shared experts","blk.17.ffn_up_shexp.weight","Vulkan0","Vulkan0","q8_0","1740800","2560,640,1,1"
"Target","17","Shared experts","blk.17.ffn_down_shexp.weight","Vulkan0","Vulkan0","q8_0","1740800","640,2560,1,1"
"Target","18","Hyperconnection mixers","blk.18.hc_attn_norm.weight","Vulkan0","Vulkan0","f32","40960","10240,1,1,1"
"Target","18","Hyperconnection mixers","blk.18.hc_attn_down.weight","Vulkan0","Vulkan0","q8_0","3481600","10240,320,1,1"
"Target","18","Hyperconnection mixers","blk.18.hc_attn_up.weight","Vulkan0","Vulkan0","q8_0","3481600","320,10240,1,1"
"Target","18","Hyperconnection mixers","blk.18.hc_attn_inject.weight","Vulkan0","Vulkan0","q8_0","43520","10240,4,1,1"
"Target","18","Hyperconnection mixers","blk.18.hc_ffn_norm.weight","Vulkan0","Vulkan0","f32","40960","10240,1,1,1"
"Target","18","Hyperconnection mixers","blk.18.hc_ffn_down.weight","Vulkan0","Vulkan0","q8_0","3481600","10240,320,1,1"
"Target","18","Hyperconnection mixers","blk.18.hc_ffn_up.weight","Vulkan0","Vulkan0","q8_0","3481600","320,10240,1,1"
"Target","18","Hyperconnection mixers","blk.18.hc_ffn_inject.weight","Vulkan0","Vulkan0","q8_0","43520","10240,4,1,1"
"Target","18","Attention and indexer weights","blk.18.attn_qkv.weight","Vulkan0","Vulkan0","q8_0","27852800","2560,10240,1,1"
"Target","18","Attention and indexer weights","blk.18.attn_gate.weight","Vulkan0","Vulkan0","q8_0","16711680","2560,6144,1,1"
"Target","18","Recurrent layer weights","blk.18.ssm_conv1d.weight","Vulkan0","Vulkan0","f32","163840","4,10240,1,1"
"Target","18","Recurrent layer weights","blk.18.ssm_dt.bias","Vulkan0","Vulkan0","f32","192","48,1,1,1"
"Target","18","Recurrent layer weights","blk.18.ssm_a","Vulkan0","Vulkan0","f32","192","48,1,1,1"
"Target","18","Recurrent layer weights","blk.18.ssm_beta.weight","Vulkan0","Vulkan0","q8_0","130560","2560,48,1,1"
"Target","18","Recurrent layer weights","blk.18.ssm_alpha.weight","Vulkan0","Vulkan0","q8_0","130560","2560,48,1,1"
"Target","18","Recurrent layer weights","blk.18.ssm_norm.weight","Vulkan0","Vulkan0","f32","512","128,1,1,1"
"Target","18","Recurrent layer weights","blk.18.ssm_out.weight","Vulkan0","Vulkan0","q8_0","16711680","6144,2560,1,1"
"Target","18","Expert routers","blk.18.ffn_gate_inp.weight","Vulkan0","Vulkan0","f32","5242880","2560,512,1,1"
"Target","18","Shared experts","blk.18.ffn_gate_inp_shexp.weight","Vulkan0","Vulkan0","f32","10240","2560,1,1,1"
"Target","18","Shared experts","blk.18.ffn_gate_shexp.weight","Vulkan0","Vulkan0","q8_0","1740800","2560,640,1,1"
"Target","18","Shared experts","blk.18.ffn_up_shexp.weight","Vulkan0","Vulkan0","q8_0","1740800","2560,640,1,1"
"Target","18","Shared experts","blk.18.ffn_down_shexp.weight","Vulkan0","Vulkan0","q8_0","1740800","640,2560,1,1"
"Target","19","Hyperconnection mixers","blk.19.hc_attn_norm.weight","Vulkan0","Vulkan0","f32","40960","10240,1,1,1"
"Target","19","Hyperconnection mixers","blk.19.hc_attn_down.weight","Vulkan0","Vulkan0","q8_0","3481600","10240,320,1,1"
"Target","19","Hyperconnection mixers","blk.19.hc_attn_up.weight","Vulkan0","Vulkan0","q8_0","3481600","320,10240,1,1"
"Target","19","Hyperconnection mixers","blk.19.hc_attn_inject.weight","Vulkan0","Vulkan0","q8_0","43520","10240,4,1,1"
"Target","19","Hyperconnection mixers","blk.19.hc_ffn_norm.weight","Vulkan0","Vulkan0","f32","40960","10240,1,1,1"
"Target","19","Hyperconnection mixers","blk.19.hc_ffn_down.weight","Vulkan0","Vulkan0","q8_0","3481600","10240,320,1,1"
"Target","19","Hyperconnection mixers","blk.19.hc_ffn_up.weight","Vulkan0","Vulkan0","q8_0","3481600","320,10240,1,1"
"Target","19","Hyperconnection mixers","blk.19.hc_ffn_inject.weight","Vulkan0","Vulkan0","q8_0","43520","10240,4,1,1"
"Target","19","Attention and indexer weights","blk.19.attn_q.weight","Vulkan0","Vulkan0","q8_0","33423360","2560,12288,1,1"
"Target","19","Attention and indexer weights","blk.19.attn_k.weight","Vulkan0","Vulkan0","q8_0","1392640","2560,512,1,1"
"Target","19","Attention and indexer weights","blk.19.attn_v.weight","Vulkan0","Vulkan0","q8_0","1392640","2560,512,1,1"
"Target","19","Attention and indexer weights","blk.19.attn_output.weight","Vulkan0","Vulkan0","q8_0","16711680","6144,2560,1,1"
"Target","19","Attention and indexer weights","blk.19.attn_q_norm.weight","Vulkan0","Vulkan0","f32","1024","256,1,1,1"
"Target","19","Attention and indexer weights","blk.19.attn_k_norm.weight","Vulkan0","Vulkan0","f32","1024","256,1,1,1"
"Target","19","Other dense weights","blk.19.indexer.q_proj.weight","Vulkan0","Vulkan0","bf16","2621440","2560,512,1,1"
"Target","19","Other dense weights","blk.19.indexer.k_proj.weight","Vulkan0","Vulkan0","bf16","655360","2560,128,1,1"
"Target","19","Other dense weights","blk.19.indexer.q_norm.weight","Vulkan0","Vulkan0","f32","512","128,1,1,1"
"Target","19","Other dense weights","blk.19.indexer.k_norm.weight","Vulkan0","Vulkan0","f32","512","128,1,1,1"
"Target","19","Expert routers","blk.19.ffn_gate_inp.weight","Vulkan0","Vulkan0","f32","5242880","2560,512,1,1"
"Target","19","Shared experts","blk.19.ffn_gate_inp_shexp.weight","Vulkan0","Vulkan0","f32","10240","2560,1,1,1"
"Target","19","Shared experts","blk.19.ffn_gate_shexp.weight","Vulkan0","Vulkan0","q8_0","1740800","2560,640,1,1"
"Target","19","Shared experts","blk.19.ffn_up_shexp.weight","Vulkan0","Vulkan0","q8_0","1740800","2560,640,1,1"
"Target","19","Shared experts","blk.19.ffn_down_shexp.weight","Vulkan0","Vulkan0","q8_0","1740800","640,2560,1,1"
"Target","20","Hyperconnection mixers","blk.20.hc_attn_norm.weight","Vulkan0","Vulkan0","f32","40960","10240,1,1,1"
"Target","20","Hyperconnection mixers","blk.20.hc_attn_down.weight","Vulkan0","Vulkan0","q8_0","3481600","10240,320,1,1"
"Target","20","Hyperconnection mixers","blk.20.hc_attn_up.weight","Vulkan0","Vulkan0","q8_0","3481600","320,10240,1,1"
"Target","20","Hyperconnection mixers","blk.20.hc_attn_inject.weight","Vulkan0","Vulkan0","q8_0","43520","10240,4,1,1"
"Target","20","Hyperconnection mixers","blk.20.hc_ffn_norm.weight","Vulkan0","Vulkan0","f32","40960","10240,1,1,1"
"Target","20","Hyperconnection mixers","blk.20.hc_ffn_down.weight","Vulkan0","Vulkan0","q8_0","3481600","10240,320,1,1"
"Target","20","Hyperconnection mixers","blk.20.hc_ffn_up.weight","Vulkan0","Vulkan0","q8_0","3481600","320,10240,1,1"
"Target","20","Hyperconnection mixers","blk.20.hc_ffn_inject.weight","Vulkan0","Vulkan0","q8_0","43520","10240,4,1,1"
"Target","20","Attention and indexer weights","blk.20.attn_qkv.weight","Vulkan0","Vulkan0","q8_0","27852800","2560,10240,1,1"
"Target","20","Attention and indexer weights","blk.20.attn_gate.weight","Vulkan0","Vulkan0","q8_0","16711680","2560,6144,1,1"
"Target","20","Recurrent layer weights","blk.20.ssm_conv1d.weight","Vulkan0","Vulkan0","f32","163840","4,10240,1,1"
"Target","20","Recurrent layer weights","blk.20.ssm_dt.bias","Vulkan0","Vulkan0","f32","192","48,1,1,1"
"Target","20","Recurrent layer weights","blk.20.ssm_a","Vulkan0","Vulkan0","f32","192","48,1,1,1"
"Target","20","Recurrent layer weights","blk.20.ssm_beta.weight","Vulkan0","Vulkan0","q8_0","130560","2560,48,1,1"
"Target","20","Recurrent layer weights","blk.20.ssm_alpha.weight","Vulkan0","Vulkan0","q8_0","130560","2560,48,1,1"
"Target","20","Recurrent layer weights","blk.20.ssm_norm.weight","Vulkan0","Vulkan0","f32","512","128,1,1,1"
"Target","20","Recurrent layer weights","blk.20.ssm_out.weight","Vulkan0","Vulkan0","q8_0","16711680","6144,2560,1,1"
"Target","20","Expert routers","blk.20.ffn_gate_inp.weight","Vulkan0","Vulkan0","f32","5242880","2560,512,1,1"
"Target","20","Shared experts","blk.20.ffn_gate_inp_shexp.weight","Vulkan0","Vulkan0","f32","10240","2560,1,1,1"
"Target","20","Shared experts","blk.20.ffn_gate_shexp.weight","Vulkan0","Vulkan0","q8_0","1740800","2560,640,1,1"
"Target","20","Shared experts","blk.20.ffn_up_shexp.weight","Vulkan0","Vulkan0","q8_0","1740800","2560,640,1,1"
"Target","20","Shared experts","blk.20.ffn_down_shexp.weight","Vulkan0","Vulkan0","q8_0","1740800","640,2560,1,1"
"Target","21","Hyperconnection mixers","blk.21.hc_attn_norm.weight","Vulkan0","Vulkan0","f32","40960","10240,1,1,1"
"Target","21","Hyperconnection mixers","blk.21.hc_attn_down.weight","Vulkan0","Vulkan0","q8_0","3481600","10240,320,1,1"
"Target","21","Hyperconnection mixers","blk.21.hc_attn_up.weight","Vulkan0","Vulkan0","q8_0","3481600","320,10240,1,1"
"Target","21","Hyperconnection mixers","blk.21.hc_attn_inject.weight","Vulkan0","Vulkan0","q8_0","43520","10240,4,1,1"
"Target","21","Hyperconnection mixers","blk.21.hc_ffn_norm.weight","Vulkan0","Vulkan0","f32","40960","10240,1,1,1"
"Target","21","Hyperconnection mixers","blk.21.hc_ffn_down.weight","Vulkan0","Vulkan0","q8_0","3481600","10240,320,1,1"
"Target","21","Hyperconnection mixers","blk.21.hc_ffn_up.weight","Vulkan0","Vulkan0","q8_0","3481600","320,10240,1,1"
"Target","21","Hyperconnection mixers","blk.21.hc_ffn_inject.weight","Vulkan0","Vulkan0","q8_0","43520","10240,4,1,1"
"Target","21","Attention and indexer weights","blk.21.attn_qkv.weight","Vulkan0","Vulkan0","q8_0","27852800","2560,10240,1,1"
"Target","21","Attention and indexer weights","blk.21.attn_gate.weight","Vulkan0","Vulkan0","q8_0","16711680","2560,6144,1,1"
"Target","21","Recurrent layer weights","blk.21.ssm_conv1d.weight","Vulkan0","Vulkan0","f32","163840","4,10240,1,1"
"Target","21","Recurrent layer weights","blk.21.ssm_dt.bias","Vulkan0","Vulkan0","f32","192","48,1,1,1"
"Target","21","Recurrent layer weights","blk.21.ssm_a","Vulkan0","Vulkan0","f32","192","48,1,1,1"
"Target","21","Recurrent layer weights","blk.21.ssm_beta.weight","Vulkan0","Vulkan0","q8_0","130560","2560,48,1,1"
"Target","21","Recurrent layer weights","blk.21.ssm_alpha.weight","Vulkan0","Vulkan0","q8_0","130560","2560,48,1,1"
"Target","21","Recurrent layer weights","blk.21.ssm_norm.weight","Vulkan0","Vulkan0","f32","512","128,1,1,1"
"Target","21","Recurrent layer weights","blk.21.ssm_out.weight","Vulkan0","Vulkan0","q8_0","16711680","6144,2560,1,1"
"Target","21","Expert routers","blk.21.ffn_gate_inp.weight","Vulkan0","Vulkan0","f32","5242880","2560,512,1,1"
"Target","21","Shared experts","blk.21.ffn_gate_inp_shexp.weight","Vulkan0","Vulkan0","f32","10240","2560,1,1,1"
"Target","21","Shared experts","blk.21.ffn_gate_shexp.weight","Vulkan0","Vulkan0","q8_0","1740800","2560,640,1,1"
"Target","21","Shared experts","blk.21.ffn_up_shexp.weight","Vulkan0","Vulkan0","q8_0","1740800","2560,640,1,1"
"Target","21","Shared experts","blk.21.ffn_down_shexp.weight","Vulkan0","Vulkan0","q8_0","1740800","640,2560,1,1"
"Target","22","Hyperconnection mixers","blk.22.hc_attn_norm.weight","Vulkan0","Vulkan0","f32","40960","10240,1,1,1"
"Target","22","Hyperconnection mixers","blk.22.hc_attn_down.weight","Vulkan0","Vulkan0","q8_0","3481600","10240,320,1,1"
"Target","22","Hyperconnection mixers","blk.22.hc_attn_up.weight","Vulkan0","Vulkan0","q8_0","3481600","320,10240,1,1"
"Target","22","Hyperconnection mixers","blk.22.hc_attn_inject.weight","Vulkan0","Vulkan0","q8_0","43520","10240,4,1,1"
"Target","22","Hyperconnection mixers","blk.22.hc_ffn_norm.weight","Vulkan0","Vulkan0","f32","40960","10240,1,1,1"
"Target","22","Hyperconnection mixers","blk.22.hc_ffn_down.weight","Vulkan0","Vulkan0","q8_0","3481600","10240,320,1,1"
"Target","22","Hyperconnection mixers","blk.22.hc_ffn_up.weight","Vulkan0","Vulkan0","q8_0","3481600","320,10240,1,1"
"Target","22","Hyperconnection mixers","blk.22.hc_ffn_inject.weight","Vulkan0","Vulkan0","q8_0","43520","10240,4,1,1"
"Target","22","Attention and indexer weights","blk.22.attn_qkv.weight","Vulkan0","Vulkan0","q8_0","27852800","2560,10240,1,1"
"Target","22","Attention and indexer weights","blk.22.attn_gate.weight","Vulkan0","Vulkan0","q8_0","16711680","2560,6144,1,1"
"Target","22","Recurrent layer weights","blk.22.ssm_conv1d.weight","Vulkan0","Vulkan0","f32","163840","4,10240,1,1"
"Target","22","Recurrent layer weights","blk.22.ssm_dt.bias","Vulkan0","Vulkan0","f32","192","48,1,1,1"
"Target","22","Recurrent layer weights","blk.22.ssm_a","Vulkan0","Vulkan0","f32","192","48,1,1,1"
"Target","22","Recurrent layer weights","blk.22.ssm_beta.weight","Vulkan0","Vulkan0","q8_0","130560","2560,48,1,1"
"Target","22","Recurrent layer weights","blk.22.ssm_alpha.weight","Vulkan0","Vulkan0","q8_0","130560","2560,48,1,1"
"Target","22","Recurrent layer weights","blk.22.ssm_norm.weight","Vulkan0","Vulkan0","f32","512","128,1,1,1"
"Target","22","Recurrent layer weights","blk.22.ssm_out.weight","Vulkan0","Vulkan0","q8_0","16711680","6144,2560,1,1"
"Target","22","Expert routers","blk.22.ffn_gate_inp.weight","Vulkan0","Vulkan0","f32","5242880","2560,512,1,1"
"Target","22","Shared experts","blk.22.ffn_gate_inp_shexp.weight","Vulkan0","Vulkan0","f32","10240","2560,1,1,1"
"Target","22","Shared experts","blk.22.ffn_gate_shexp.weight","Vulkan0","Vulkan0","q8_0","1740800","2560,640,1,1"
"Target","22","Shared experts","blk.22.ffn_up_shexp.weight","Vulkan0","Vulkan0","q8_0","1740800","2560,640,1,1"
"Target","22","Shared experts","blk.22.ffn_down_shexp.weight","Vulkan0","Vulkan0","q8_0","1740800","640,2560,1,1"
"Target","23","Hyperconnection mixers","blk.23.hc_attn_norm.weight","Vulkan0","Vulkan0","f32","40960","10240,1,1,1"
"Target","23","Hyperconnection mixers","blk.23.hc_attn_down.weight","Vulkan0","Vulkan0","q8_0","3481600","10240,320,1,1"
"Target","23","Hyperconnection mixers","blk.23.hc_attn_up.weight","Vulkan0","Vulkan0","q8_0","3481600","320,10240,1,1"
"Target","23","Hyperconnection mixers","blk.23.hc_attn_inject.weight","Vulkan0","Vulkan0","q8_0","43520","10240,4,1,1"
"Target","23","Hyperconnection mixers","blk.23.hc_ffn_norm.weight","Vulkan0","Vulkan0","f32","40960","10240,1,1,1"
"Target","23","Hyperconnection mixers","blk.23.hc_ffn_down.weight","Vulkan0","Vulkan0","q8_0","3481600","10240,320,1,1"
"Target","23","Hyperconnection mixers","blk.23.hc_ffn_up.weight","Vulkan0","Vulkan0","q8_0","3481600","320,10240,1,1"
"Target","23","Hyperconnection mixers","blk.23.hc_ffn_inject.weight","Vulkan0","Vulkan0","q8_0","43520","10240,4,1,1"
"Target","23","Attention and indexer weights","blk.23.attn_q.weight","Vulkan0","Vulkan0","q8_0","33423360","2560,12288,1,1"
"Target","23","Attention and indexer weights","blk.23.attn_k.weight","Vulkan0","Vulkan0","q8_0","1392640","2560,512,1,1"
"Target","23","Attention and indexer weights","blk.23.attn_v.weight","Vulkan0","Vulkan0","q8_0","1392640","2560,512,1,1"
"Target","23","Attention and indexer weights","blk.23.attn_output.weight","Vulkan0","Vulkan0","q8_0","16711680","6144,2560,1,1"
"Target","23","Attention and indexer weights","blk.23.attn_q_norm.weight","Vulkan0","Vulkan0","f32","1024","256,1,1,1"
"Target","23","Attention and indexer weights","blk.23.attn_k_norm.weight","Vulkan0","Vulkan0","f32","1024","256,1,1,1"
"Target","23","Other dense weights","blk.23.indexer.q_proj.weight","Vulkan0","Vulkan0","bf16","2621440","2560,512,1,1"
"Target","23","Other dense weights","blk.23.indexer.k_proj.weight","Vulkan0","Vulkan0","bf16","655360","2560,128,1,1"
"Target","23","Other dense weights","blk.23.indexer.q_norm.weight","Vulkan0","Vulkan0","f32","512","128,1,1,1"
"Target","23","Other dense weights","blk.23.indexer.k_norm.weight","Vulkan0","Vulkan0","f32","512","128,1,1,1"
"Target","23","Expert routers","blk.23.ffn_gate_inp.weight","Vulkan0","Vulkan0","f32","5242880","2560,512,1,1"
"Target","23","Shared experts","blk.23.ffn_gate_inp_shexp.weight","Vulkan0","Vulkan0","f32","10240","2560,1,1,1"
"Target","23","Shared experts","blk.23.ffn_gate_shexp.weight","Vulkan0","Vulkan0","q8_0","1740800","2560,640,1,1"
"Target","23","Shared experts","blk.23.ffn_up_shexp.weight","Vulkan0","Vulkan0","q8_0","1740800","2560,640,1,1"
"Target","23","Shared experts","blk.23.ffn_down_shexp.weight","Vulkan0","Vulkan0","q8_0","1740800","640,2560,1,1"
"Target","24","Hyperconnection mixers","blk.24.hc_attn_norm.weight","Vulkan0","Vulkan0","f32","40960","10240,1,1,1"
"Target","24","Hyperconnection mixers","blk.24.hc_attn_down.weight","Vulkan0","Vulkan0","q8_0","3481600","10240,320,1,1"
"Target","24","Hyperconnection mixers","blk.24.hc_attn_up.weight","Vulkan0","Vulkan0","q8_0","3481600","320,10240,1,1"
"Target","24","Hyperconnection mixers","blk.24.hc_attn_inject.weight","Vulkan0","Vulkan0","q8_0","43520","10240,4,1,1"
"Target","24","Hyperconnection mixers","blk.24.hc_ffn_norm.weight","Vulkan0","Vulkan0","f32","40960","10240,1,1,1"
"Target","24","Hyperconnection mixers","blk.24.hc_ffn_down.weight","Vulkan0","Vulkan0","q8_0","3481600","10240,320,1,1"
"Target","24","Hyperconnection mixers","blk.24.hc_ffn_up.weight","Vulkan0","Vulkan0","q8_0","3481600","320,10240,1,1"
"Target","24","Hyperconnection mixers","blk.24.hc_ffn_inject.weight","Vulkan0","Vulkan0","q8_0","43520","10240,4,1,1"
"Target","24","Attention and indexer weights","blk.24.attn_qkv.weight","Vulkan0","Vulkan0","q8_0","27852800","2560,10240,1,1"
"Target","24","Attention and indexer weights","blk.24.attn_gate.weight","Vulkan0","Vulkan0","q8_0","16711680","2560,6144,1,1"
"Target","24","Recurrent layer weights","blk.24.ssm_conv1d.weight","Vulkan0","Vulkan0","f32","163840","4,10240,1,1"
"Target","24","Recurrent layer weights","blk.24.ssm_dt.bias","Vulkan0","Vulkan0","f32","192","48,1,1,1"
"Target","24","Recurrent layer weights","blk.24.ssm_a","Vulkan0","Vulkan0","f32","192","48,1,1,1"
"Target","24","Recurrent layer weights","blk.24.ssm_beta.weight","Vulkan0","Vulkan0","q8_0","130560","2560,48,1,1"
"Target","24","Recurrent layer weights","blk.24.ssm_alpha.weight","Vulkan0","Vulkan0","q8_0","130560","2560,48,1,1"
"Target","24","Recurrent layer weights","blk.24.ssm_norm.weight","Vulkan0","Vulkan0","f32","512","128,1,1,1"
"Target","24","Recurrent layer weights","blk.24.ssm_out.weight","Vulkan0","Vulkan0","q8_0","16711680","6144,2560,1,1"
"Target","24","Expert routers","blk.24.ffn_gate_inp.weight","Vulkan0","Vulkan0","f32","5242880","2560,512,1,1"
"Target","24","Shared experts","blk.24.ffn_gate_inp_shexp.weight","Vulkan0","Vulkan0","f32","10240","2560,1,1,1"
"Target","24","Shared experts","blk.24.ffn_gate_shexp.weight","Vulkan0","Vulkan0","q8_0","1740800","2560,640,1,1"
"Target","24","Shared experts","blk.24.ffn_up_shexp.weight","Vulkan0","Vulkan0","q8_0","1740800","2560,640,1,1"
"Target","24","Shared experts","blk.24.ffn_down_shexp.weight","Vulkan0","Vulkan0","q8_0","1740800","640,2560,1,1"
"Target","25","Hyperconnection mixers","blk.25.hc_attn_norm.weight","Vulkan0","Vulkan0","f32","40960","10240,1,1,1"
"Target","25","Hyperconnection mixers","blk.25.hc_attn_down.weight","Vulkan0","Vulkan0","q8_0","3481600","10240,320,1,1"
"Target","25","Hyperconnection mixers","blk.25.hc_attn_up.weight","Vulkan0","Vulkan0","q8_0","3481600","320,10240,1,1"
"Target","25","Hyperconnection mixers","blk.25.hc_attn_inject.weight","Vulkan0","Vulkan0","q8_0","43520","10240,4,1,1"
"Target","25","Hyperconnection mixers","blk.25.hc_ffn_norm.weight","Vulkan0","Vulkan0","f32","40960","10240,1,1,1"
"Target","25","Hyperconnection mixers","blk.25.hc_ffn_down.weight","Vulkan0","Vulkan0","q8_0","3481600","10240,320,1,1"
"Target","25","Hyperconnection mixers","blk.25.hc_ffn_up.weight","Vulkan0","Vulkan0","q8_0","3481600","320,10240,1,1"
"Target","25","Hyperconnection mixers","blk.25.hc_ffn_inject.weight","Vulkan0","Vulkan0","q8_0","43520","10240,4,1,1"
"Target","25","Attention and indexer weights","blk.25.attn_qkv.weight","Vulkan0","Vulkan0","q8_0","27852800","2560,10240,1,1"
"Target","25","Attention and indexer weights","blk.25.attn_gate.weight","Vulkan0","Vulkan0","q8_0","16711680","2560,6144,1,1"
"Target","25","Recurrent layer weights","blk.25.ssm_conv1d.weight","Vulkan0","Vulkan0","f32","163840","4,10240,1,1"
"Target","25","Recurrent layer weights","blk.25.ssm_dt.bias","Vulkan0","Vulkan0","f32","192","48,1,1,1"
"Target","25","Recurrent layer weights","blk.25.ssm_a","Vulkan0","Vulkan0","f32","192","48,1,1,1"
"Target","25","Recurrent layer weights","blk.25.ssm_beta.weight","Vulkan0","Vulkan0","q8_0","130560","2560,48,1,1"
"Target","25","Recurrent layer weights","blk.25.ssm_alpha.weight","Vulkan0","Vulkan0","q8_0","130560","2560,48,1,1"
"Target","25","Recurrent layer weights","blk.25.ssm_norm.weight","Vulkan0","Vulkan0","f32","512","128,1,1,1"
"Target","25","Recurrent layer weights","blk.25.ssm_out.weight","Vulkan0","Vulkan0","q8_0","16711680","6144,2560,1,1"
"Target","25","Expert routers","blk.25.ffn_gate_inp.weight","Vulkan0","Vulkan0","f32","5242880","2560,512,1,1"
"Target","25","Shared experts","blk.25.ffn_gate_inp_shexp.weight","Vulkan0","Vulkan0","f32","10240","2560,1,1,1"
"Target","25","Shared experts","blk.25.ffn_gate_shexp.weight","Vulkan0","Vulkan0","q8_0","1740800","2560,640,1,1"
"Target","25","Shared experts","blk.25.ffn_up_shexp.weight","Vulkan0","Vulkan0","q8_0","1740800","2560,640,1,1"
"Target","25","Shared experts","blk.25.ffn_down_shexp.weight","Vulkan0","Vulkan0","q8_0","1740800","640,2560,1,1"
"Target","26","Hyperconnection mixers","blk.26.hc_attn_norm.weight","Vulkan0","Vulkan0","f32","40960","10240,1,1,1"
"Target","26","Hyperconnection mixers","blk.26.hc_attn_down.weight","Vulkan0","Vulkan0","q8_0","3481600","10240,320,1,1"
"Target","26","Hyperconnection mixers","blk.26.hc_attn_up.weight","Vulkan0","Vulkan0","q8_0","3481600","320,10240,1,1"
"Target","26","Hyperconnection mixers","blk.26.hc_attn_inject.weight","Vulkan0","Vulkan0","q8_0","43520","10240,4,1,1"
"Target","26","Hyperconnection mixers","blk.26.hc_ffn_norm.weight","Vulkan0","Vulkan0","f32","40960","10240,1,1,1"
"Target","26","Hyperconnection mixers","blk.26.hc_ffn_down.weight","Vulkan0","Vulkan0","q8_0","3481600","10240,320,1,1"
"Target","26","Hyperconnection mixers","blk.26.hc_ffn_up.weight","Vulkan0","Vulkan0","q8_0","3481600","320,10240,1,1"
"Target","26","Hyperconnection mixers","blk.26.hc_ffn_inject.weight","Vulkan0","Vulkan0","q8_0","43520","10240,4,1,1"
"Target","26","Attention and indexer weights","blk.26.attn_qkv.weight","Vulkan0","Vulkan0","q8_0","27852800","2560,10240,1,1"
"Target","26","Attention and indexer weights","blk.26.attn_gate.weight","Vulkan0","Vulkan0","q8_0","16711680","2560,6144,1,1"
"Target","26","Recurrent layer weights","blk.26.ssm_conv1d.weight","Vulkan0","Vulkan0","f32","163840","4,10240,1,1"
"Target","26","Recurrent layer weights","blk.26.ssm_dt.bias","Vulkan0","Vulkan0","f32","192","48,1,1,1"
"Target","26","Recurrent layer weights","blk.26.ssm_a","Vulkan0","Vulkan0","f32","192","48,1,1,1"
"Target","26","Recurrent layer weights","blk.26.ssm_beta.weight","Vulkan0","Vulkan0","q8_0","130560","2560,48,1,1"
"Target","26","Recurrent layer weights","blk.26.ssm_alpha.weight","Vulkan0","Vulkan0","q8_0","130560","2560,48,1,1"
"Target","26","Recurrent layer weights","blk.26.ssm_norm.weight","Vulkan0","Vulkan0","f32","512","128,1,1,1"
"Target","26","Recurrent layer weights","blk.26.ssm_out.weight","Vulkan0","Vulkan0","q8_0","16711680","6144,2560,1,1"
"Target","26","Expert routers","blk.26.ffn_gate_inp.weight","Vulkan0","Vulkan0","f32","5242880","2560,512,1,1"
"Target","26","Shared experts","blk.26.ffn_gate_inp_shexp.weight","Vulkan0","Vulkan0","f32","10240","2560,1,1,1"
"Target","26","Shared experts","blk.26.ffn_gate_shexp.weight","Vulkan0","Vulkan0","q8_0","1740800","2560,640,1,1"
"Target","26","Shared experts","blk.26.ffn_up_shexp.weight","Vulkan0","Vulkan0","q8_0","1740800","2560,640,1,1"
"Target","26","Shared experts","blk.26.ffn_down_shexp.weight","Vulkan0","Vulkan0","q8_0","1740800","640,2560,1,1"
"Target","27","Hyperconnection mixers","blk.27.hc_attn_norm.weight","Vulkan0","Vulkan0","f32","40960","10240,1,1,1"
"Target","27","Hyperconnection mixers","blk.27.hc_attn_down.weight","Vulkan0","Vulkan0","q8_0","3481600","10240,320,1,1"
"Target","27","Hyperconnection mixers","blk.27.hc_attn_up.weight","Vulkan0","Vulkan0","q8_0","3481600","320,10240,1,1"
"Target","27","Hyperconnection mixers","blk.27.hc_attn_inject.weight","Vulkan0","Vulkan0","q8_0","43520","10240,4,1,1"
"Target","27","Hyperconnection mixers","blk.27.hc_ffn_norm.weight","Vulkan0","Vulkan0","f32","40960","10240,1,1,1"
"Target","27","Hyperconnection mixers","blk.27.hc_ffn_down.weight","Vulkan0","Vulkan0","q8_0","3481600","10240,320,1,1"
"Target","27","Hyperconnection mixers","blk.27.hc_ffn_up.weight","Vulkan0","Vulkan0","q8_0","3481600","320,10240,1,1"
"Target","27","Hyperconnection mixers","blk.27.hc_ffn_inject.weight","Vulkan0","Vulkan0","q8_0","43520","10240,4,1,1"
"Target","27","Attention and indexer weights","blk.27.attn_q.weight","Vulkan0","Vulkan0","q8_0","33423360","2560,12288,1,1"
"Target","27","Attention and indexer weights","blk.27.attn_k.weight","Vulkan0","Vulkan0","q8_0","1392640","2560,512,1,1"
"Target","27","Attention and indexer weights","blk.27.attn_v.weight","Vulkan0","Vulkan0","q8_0","1392640","2560,512,1,1"
"Target","27","Attention and indexer weights","blk.27.attn_output.weight","Vulkan0","Vulkan0","q8_0","16711680","6144,2560,1,1"
"Target","27","Attention and indexer weights","blk.27.attn_q_norm.weight","Vulkan0","Vulkan0","f32","1024","256,1,1,1"
"Target","27","Attention and indexer weights","blk.27.attn_k_norm.weight","Vulkan0","Vulkan0","f32","1024","256,1,1,1"
"Target","27","Other dense weights","blk.27.indexer.q_proj.weight","Vulkan0","Vulkan0","bf16","2621440","2560,512,1,1"
"Target","27","Other dense weights","blk.27.indexer.k_proj.weight","Vulkan0","Vulkan0","bf16","655360","2560,128,1,1"
"Target","27","Other dense weights","blk.27.indexer.q_norm.weight","Vulkan0","Vulkan0","f32","512","128,1,1,1"
"Target","27","Other dense weights","blk.27.indexer.k_norm.weight","Vulkan0","Vulkan0","f32","512","128,1,1,1"
"Target","27","Expert routers","blk.27.ffn_gate_inp.weight","Vulkan0","Vulkan0","f32","5242880","2560,512,1,1"
"Target","27","Shared experts","blk.27.ffn_gate_inp_shexp.weight","Vulkan0","Vulkan0","f32","10240","2560,1,1,1"
"Target","27","Shared experts","blk.27.ffn_gate_shexp.weight","Vulkan0","Vulkan0","q8_0","1740800","2560,640,1,1"
"Target","27","Shared experts","blk.27.ffn_up_shexp.weight","Vulkan0","Vulkan0","q8_0","1740800","2560,640,1,1"
"Target","27","Shared experts","blk.27.ffn_down_shexp.weight","Vulkan0","Vulkan0","q8_0","1740800","640,2560,1,1"
"Target","28","Hyperconnection mixers","blk.28.hc_attn_norm.weight","Vulkan0","Vulkan0","f32","40960","10240,1,1,1"
"Target","28","Hyperconnection mixers","blk.28.hc_attn_down.weight","Vulkan0","Vulkan0","q8_0","3481600","10240,320,1,1"
"Target","28","Hyperconnection mixers","blk.28.hc_attn_up.weight","Vulkan0","Vulkan0","q8_0","3481600","320,10240,1,1"
"Target","28","Hyperconnection mixers","blk.28.hc_attn_inject.weight","Vulkan0","Vulkan0","q8_0","43520","10240,4,1,1"
"Target","28","Hyperconnection mixers","blk.28.hc_ffn_norm.weight","Vulkan0","Vulkan0","f32","40960","10240,1,1,1"
"Target","28","Hyperconnection mixers","blk.28.hc_ffn_down.weight","Vulkan0","Vulkan0","q8_0","3481600","10240,320,1,1"
"Target","28","Hyperconnection mixers","blk.28.hc_ffn_up.weight","Vulkan0","Vulkan0","q8_0","3481600","320,10240,1,1"
"Target","28","Hyperconnection mixers","blk.28.hc_ffn_inject.weight","Vulkan0","Vulkan0","q8_0","43520","10240,4,1,1"
"Target","28","Attention and indexer weights","blk.28.attn_qkv.weight","Vulkan0","Vulkan0","q8_0","27852800","2560,10240,1,1"
"Target","28","Attention and indexer weights","blk.28.attn_gate.weight","Vulkan0","Vulkan0","q8_0","16711680","2560,6144,1,1"
"Target","28","Recurrent layer weights","blk.28.ssm_conv1d.weight","Vulkan0","Vulkan0","f32","163840","4,10240,1,1"
"Target","28","Recurrent layer weights","blk.28.ssm_dt.bias","Vulkan0","Vulkan0","f32","192","48,1,1,1"
"Target","28","Recurrent layer weights","blk.28.ssm_a","Vulkan0","Vulkan0","f32","192","48,1,1,1"
"Target","28","Recurrent layer weights","blk.28.ssm_beta.weight","Vulkan0","Vulkan0","q8_0","130560","2560,48,1,1"
"Target","28","Recurrent layer weights","blk.28.ssm_alpha.weight","Vulkan0","Vulkan0","q8_0","130560","2560,48,1,1"
"Target","28","Recurrent layer weights","blk.28.ssm_norm.weight","Vulkan0","Vulkan0","f32","512","128,1,1,1"
"Target","28","Recurrent layer weights","blk.28.ssm_out.weight","Vulkan0","Vulkan0","q8_0","16711680","6144,2560,1,1"
"Target","28","Expert routers","blk.28.ffn_gate_inp.weight","Vulkan0","Vulkan0","f32","5242880","2560,512,1,1"
"Target","28","Shared experts","blk.28.ffn_gate_inp_shexp.weight","Vulkan0","Vulkan0","f32","10240","2560,1,1,1"
"Target","28","Shared experts","blk.28.ffn_gate_shexp.weight","Vulkan0","Vulkan0","q8_0","1740800","2560,640,1,1"
"Target","28","Shared experts","blk.28.ffn_up_shexp.weight","Vulkan0","Vulkan0","q8_0","1740800","2560,640,1,1"
"Target","28","Shared experts","blk.28.ffn_down_shexp.weight","Vulkan0","Vulkan0","q8_0","1740800","640,2560,1,1"
"Target","29","Hyperconnection mixers","blk.29.hc_attn_norm.weight","Vulkan0","Vulkan0","f32","40960","10240,1,1,1"
"Target","29","Hyperconnection mixers","blk.29.hc_attn_down.weight","Vulkan0","Vulkan0","q8_0","3481600","10240,320,1,1"
"Target","29","Hyperconnection mixers","blk.29.hc_attn_up.weight","Vulkan0","Vulkan0","q8_0","3481600","320,10240,1,1"
"Target","29","Hyperconnection mixers","blk.29.hc_attn_inject.weight","Vulkan0","Vulkan0","q8_0","43520","10240,4,1,1"
"Target","29","Hyperconnection mixers","blk.29.hc_ffn_norm.weight","Vulkan0","Vulkan0","f32","40960","10240,1,1,1"
"Target","29","Hyperconnection mixers","blk.29.hc_ffn_down.weight","Vulkan0","Vulkan0","q8_0","3481600","10240,320,1,1"
"Target","29","Hyperconnection mixers","blk.29.hc_ffn_up.weight","Vulkan0","Vulkan0","q8_0","3481600","320,10240,1,1"
"Target","29","Hyperconnection mixers","blk.29.hc_ffn_inject.weight","Vulkan0","Vulkan0","q8_0","43520","10240,4,1,1"
"Target","29","Attention and indexer weights","blk.29.attn_qkv.weight","Vulkan0","Vulkan0","q8_0","27852800","2560,10240,1,1"
"Target","29","Attention and indexer weights","blk.29.attn_gate.weight","Vulkan0","Vulkan0","q8_0","16711680","2560,6144,1,1"
"Target","29","Recurrent layer weights","blk.29.ssm_conv1d.weight","Vulkan0","Vulkan0","f32","163840","4,10240,1,1"
"Target","29","Recurrent layer weights","blk.29.ssm_dt.bias","Vulkan0","Vulkan0","f32","192","48,1,1,1"
"Target","29","Recurrent layer weights","blk.29.ssm_a","Vulkan0","Vulkan0","f32","192","48,1,1,1"
"Target","29","Recurrent layer weights","blk.29.ssm_beta.weight","Vulkan0","Vulkan0","q8_0","130560","2560,48,1,1"
"Target","29","Recurrent layer weights","blk.29.ssm_alpha.weight","Vulkan0","Vulkan0","q8_0","130560","2560,48,1,1"
"Target","29","Recurrent layer weights","blk.29.ssm_norm.weight","Vulkan0","Vulkan0","f32","512","128,1,1,1"
"Target","29","Recurrent layer weights","blk.29.ssm_out.weight","Vulkan0","Vulkan0","q8_0","16711680","6144,2560,1,1"
"Target","29","Expert routers","blk.29.ffn_gate_inp.weight","Vulkan0","Vulkan0","f32","5242880","2560,512,1,1"
"Target","29","Shared experts","blk.29.ffn_gate_inp_shexp.weight","Vulkan0","Vulkan0","f32","10240","2560,1,1,1"
"Target","29","Shared experts","blk.29.ffn_gate_shexp.weight","Vulkan0","Vulkan0","q8_0","1740800","2560,640,1,1"
"Target","29","Shared experts","blk.29.ffn_up_shexp.weight","Vulkan0","Vulkan0","q8_0","1740800","2560,640,1,1"
"Target","29","Shared experts","blk.29.ffn_down_shexp.weight","Vulkan0","Vulkan0","q8_0","1740800","640,2560,1,1"
"Target","30","Hyperconnection mixers","blk.30.hc_attn_norm.weight","Vulkan0","Vulkan0","f32","40960","10240,1,1,1"
"Target","30","Hyperconnection mixers","blk.30.hc_attn_down.weight","Vulkan0","Vulkan0","q8_0","3481600","10240,320,1,1"
"Target","30","Hyperconnection mixers","blk.30.hc_attn_up.weight","Vulkan0","Vulkan0","q8_0","3481600","320,10240,1,1"
"Target","30","Hyperconnection mixers","blk.30.hc_attn_inject.weight","Vulkan0","Vulkan0","q8_0","43520","10240,4,1,1"
"Target","30","Hyperconnection mixers","blk.30.hc_ffn_norm.weight","Vulkan0","Vulkan0","f32","40960","10240,1,1,1"
"Target","30","Hyperconnection mixers","blk.30.hc_ffn_down.weight","Vulkan0","Vulkan0","q8_0","3481600","10240,320,1,1"
"Target","30","Hyperconnection mixers","blk.30.hc_ffn_up.weight","Vulkan0","Vulkan0","q8_0","3481600","320,10240,1,1"
"Target","30","Hyperconnection mixers","blk.30.hc_ffn_inject.weight","Vulkan0","Vulkan0","q8_0","43520","10240,4,1,1"
"Target","30","Attention and indexer weights","blk.30.attn_qkv.weight","Vulkan0","Vulkan0","q8_0","27852800","2560,10240,1,1"
"Target","30","Attention and indexer weights","blk.30.attn_gate.weight","Vulkan0","Vulkan0","q8_0","16711680","2560,6144,1,1"
"Target","30","Recurrent layer weights","blk.30.ssm_conv1d.weight","Vulkan0","Vulkan0","f32","163840","4,10240,1,1"
"Target","30","Recurrent layer weights","blk.30.ssm_dt.bias","Vulkan0","Vulkan0","f32","192","48,1,1,1"
"Target","30","Recurrent layer weights","blk.30.ssm_a","Vulkan0","Vulkan0","f32","192","48,1,1,1"
"Target","30","Recurrent layer weights","blk.30.ssm_beta.weight","Vulkan0","Vulkan0","q8_0","130560","2560,48,1,1"
"Target","30","Recurrent layer weights","blk.30.ssm_alpha.weight","Vulkan0","Vulkan0","q8_0","130560","2560,48,1,1"
"Target","30","Recurrent layer weights","blk.30.ssm_norm.weight","Vulkan0","Vulkan0","f32","512","128,1,1,1"
"Target","30","Recurrent layer weights","blk.30.ssm_out.weight","Vulkan0","Vulkan0","q8_0","16711680","6144,2560,1,1"
"Target","30","Expert routers","blk.30.ffn_gate_inp.weight","Vulkan0","Vulkan0","f32","5242880","2560,512,1,1"
"Target","30","Shared experts","blk.30.ffn_gate_inp_shexp.weight","Vulkan0","Vulkan0","f32","10240","2560,1,1,1"
"Target","30","Shared experts","blk.30.ffn_gate_shexp.weight","Vulkan0","Vulkan0","q8_0","1740800","2560,640,1,1"
"Target","30","Shared experts","blk.30.ffn_up_shexp.weight","Vulkan0","Vulkan0","q8_0","1740800","2560,640,1,1"
"Target","30","Shared experts","blk.30.ffn_down_shexp.weight","Vulkan0","Vulkan0","q8_0","1740800","640,2560,1,1"
"Target","31","Hyperconnection mixers","blk.31.hc_attn_norm.weight","Vulkan0","Vulkan0","f32","40960","10240,1,1,1"
"Target","31","Hyperconnection mixers","blk.31.hc_attn_down.weight","Vulkan0","Vulkan0","q8_0","3481600","10240,320,1,1"
"Target","31","Hyperconnection mixers","blk.31.hc_attn_up.weight","Vulkan0","Vulkan0","q8_0","3481600","320,10240,1,1"
"Target","31","Hyperconnection mixers","blk.31.hc_attn_inject.weight","Vulkan0","Vulkan0","q8_0","43520","10240,4,1,1"
"Target","31","Hyperconnection mixers","blk.31.hc_ffn_norm.weight","Vulkan0","Vulkan0","f32","40960","10240,1,1,1"
"Target","31","Hyperconnection mixers","blk.31.hc_ffn_down.weight","Vulkan0","Vulkan0","q8_0","3481600","10240,320,1,1"
"Target","31","Hyperconnection mixers","blk.31.hc_ffn_up.weight","Vulkan0","Vulkan0","q8_0","3481600","320,10240,1,1"
"Target","31","Hyperconnection mixers","blk.31.hc_ffn_inject.weight","Vulkan0","Vulkan0","q8_0","43520","10240,4,1,1"
"Target","31","Attention and indexer weights","blk.31.attn_q.weight","Vulkan0","Vulkan0","q8_0","33423360","2560,12288,1,1"
"Target","31","Attention and indexer weights","blk.31.attn_k.weight","Vulkan0","Vulkan0","q8_0","1392640","2560,512,1,1"
"Target","31","Attention and indexer weights","blk.31.attn_v.weight","Vulkan0","Vulkan0","q8_0","1392640","2560,512,1,1"
"Target","31","Attention and indexer weights","blk.31.attn_output.weight","Vulkan0","Vulkan0","q8_0","16711680","6144,2560,1,1"
"Target","31","Attention and indexer weights","blk.31.attn_q_norm.weight","Vulkan0","Vulkan0","f32","1024","256,1,1,1"
"Target","31","Attention and indexer weights","blk.31.attn_k_norm.weight","Vulkan0","Vulkan0","f32","1024","256,1,1,1"
"Target","31","Other dense weights","blk.31.indexer.q_proj.weight","Vulkan0","Vulkan0","bf16","2621440","2560,512,1,1"
"Target","31","Other dense weights","blk.31.indexer.k_proj.weight","Vulkan0","Vulkan0","bf16","655360","2560,128,1,1"
"Target","31","Other dense weights","blk.31.indexer.q_norm.weight","Vulkan0","Vulkan0","f32","512","128,1,1,1"
"Target","31","Other dense weights","blk.31.indexer.k_norm.weight","Vulkan0","Vulkan0","f32","512","128,1,1,1"
"Target","31","Expert routers","blk.31.ffn_gate_inp.weight","Vulkan0","Vulkan0","f32","5242880","2560,512,1,1"
"Target","31","Shared experts","blk.31.ffn_gate_inp_shexp.weight","Vulkan0","Vulkan0","f32","10240","2560,1,1,1"
"Target","31","Shared experts","blk.31.ffn_gate_shexp.weight","Vulkan0","Vulkan0","q8_0","1740800","2560,640,1,1"
"Target","31","Shared experts","blk.31.ffn_up_shexp.weight","Vulkan0","Vulkan0","q8_0","1740800","2560,640,1,1"
"Target","31","Shared experts","blk.31.ffn_down_shexp.weight","Vulkan0","Vulkan0","q8_0","1740800","640,2560,1,1"
"Target","32","Hyperconnection mixers","blk.32.hc_attn_norm.weight","Vulkan0","Vulkan0","f32","40960","10240,1,1,1"
"Target","32","Hyperconnection mixers","blk.32.hc_attn_down.weight","Vulkan0","Vulkan0","q8_0","3481600","10240,320,1,1"
"Target","32","Hyperconnection mixers","blk.32.hc_attn_up.weight","Vulkan0","Vulkan0","q8_0","3481600","320,10240,1,1"
"Target","32","Hyperconnection mixers","blk.32.hc_attn_inject.weight","Vulkan0","Vulkan0","q8_0","43520","10240,4,1,1"
"Target","32","Hyperconnection mixers","blk.32.hc_ffn_norm.weight","Vulkan0","Vulkan0","f32","40960","10240,1,1,1"
"Target","32","Hyperconnection mixers","blk.32.hc_ffn_down.weight","Vulkan0","Vulkan0","q8_0","3481600","10240,320,1,1"
"Target","32","Hyperconnection mixers","blk.32.hc_ffn_up.weight","Vulkan0","Vulkan0","q8_0","3481600","320,10240,1,1"
"Target","32","Hyperconnection mixers","blk.32.hc_ffn_inject.weight","Vulkan0","Vulkan0","q8_0","43520","10240,4,1,1"
"Target","32","Attention and indexer weights","blk.32.attn_qkv.weight","Vulkan0","Vulkan0","q8_0","27852800","2560,10240,1,1"
"Target","32","Attention and indexer weights","blk.32.attn_gate.weight","Vulkan0","Vulkan0","q8_0","16711680","2560,6144,1,1"
"Target","32","Recurrent layer weights","blk.32.ssm_conv1d.weight","Vulkan0","Vulkan0","f32","163840","4,10240,1,1"
"Target","32","Recurrent layer weights","blk.32.ssm_dt.bias","Vulkan0","Vulkan0","f32","192","48,1,1,1"
"Target","32","Recurrent layer weights","blk.32.ssm_a","Vulkan0","Vulkan0","f32","192","48,1,1,1"
"Target","32","Recurrent layer weights","blk.32.ssm_beta.weight","Vulkan0","Vulkan0","q8_0","130560","2560,48,1,1"
"Target","32","Recurrent layer weights","blk.32.ssm_alpha.weight","Vulkan0","Vulkan0","q8_0","130560","2560,48,1,1"
"Target","32","Recurrent layer weights","blk.32.ssm_norm.weight","Vulkan0","Vulkan0","f32","512","128,1,1,1"
"Target","32","Recurrent layer weights","blk.32.ssm_out.weight","Vulkan0","Vulkan0","q8_0","16711680","6144,2560,1,1"
"Target","32","Expert routers","blk.32.ffn_gate_inp.weight","Vulkan0","Vulkan0","f32","5242880","2560,512,1,1"
"Target","32","Shared experts","blk.32.ffn_gate_inp_shexp.weight","Vulkan0","Vulkan0","f32","10240","2560,1,1,1"
"Target","32","Shared experts","blk.32.ffn_gate_shexp.weight","Vulkan0","Vulkan0","q8_0","1740800","2560,640,1,1"
"Target","32","Shared experts","blk.32.ffn_up_shexp.weight","Vulkan0","Vulkan0","q8_0","1740800","2560,640,1,1"
"Target","32","Shared experts","blk.32.ffn_down_shexp.weight","Vulkan0","Vulkan0","q8_0","1740800","640,2560,1,1"
"Target","33","Hyperconnection mixers","blk.33.hc_attn_norm.weight","Vulkan0","Vulkan0","f32","40960","10240,1,1,1"
"Target","33","Hyperconnection mixers","blk.33.hc_attn_down.weight","Vulkan0","Vulkan0","q8_0","3481600","10240,320,1,1"
"Target","33","Hyperconnection mixers","blk.33.hc_attn_up.weight","Vulkan0","Vulkan0","q8_0","3481600","320,10240,1,1"
"Target","33","Hyperconnection mixers","blk.33.hc_attn_inject.weight","Vulkan0","Vulkan0","q8_0","43520","10240,4,1,1"
"Target","33","Hyperconnection mixers","blk.33.hc_ffn_norm.weight","Vulkan0","Vulkan0","f32","40960","10240,1,1,1"
"Target","33","Hyperconnection mixers","blk.33.hc_ffn_down.weight","Vulkan0","Vulkan0","q8_0","3481600","10240,320,1,1"
"Target","33","Hyperconnection mixers","blk.33.hc_ffn_up.weight","Vulkan0","Vulkan0","q8_0","3481600","320,10240,1,1"
"Target","33","Hyperconnection mixers","blk.33.hc_ffn_inject.weight","Vulkan0","Vulkan0","q8_0","43520","10240,4,1,1"
"Target","33","Attention and indexer weights","blk.33.attn_qkv.weight","Vulkan0","Vulkan0","q8_0","27852800","2560,10240,1,1"
"Target","33","Attention and indexer weights","blk.33.attn_gate.weight","Vulkan0","Vulkan0","q8_0","16711680","2560,6144,1,1"
"Target","33","Recurrent layer weights","blk.33.ssm_conv1d.weight","Vulkan0","Vulkan0","f32","163840","4,10240,1,1"
"Target","33","Recurrent layer weights","blk.33.ssm_dt.bias","Vulkan0","Vulkan0","f32","192","48,1,1,1"
"Target","33","Recurrent layer weights","blk.33.ssm_a","Vulkan0","Vulkan0","f32","192","48,1,1,1"
"Target","33","Recurrent layer weights","blk.33.ssm_beta.weight","Vulkan0","Vulkan0","q8_0","130560","2560,48,1,1"
"Target","33","Recurrent layer weights","blk.33.ssm_alpha.weight","Vulkan0","Vulkan0","q8_0","130560","2560,48,1,1"
"Target","33","Recurrent layer weights","blk.33.ssm_norm.weight","Vulkan0","Vulkan0","f32","512","128,1,1,1"
"Target","33","Recurrent layer weights","blk.33.ssm_out.weight","Vulkan0","Vulkan0","q8_0","16711680","6144,2560,1,1"
"Target","33","Expert routers","blk.33.ffn_gate_inp.weight","Vulkan0","Vulkan0","f32","5242880","2560,512,1,1"
"Target","33","Shared experts","blk.33.ffn_gate_inp_shexp.weight","Vulkan0","Vulkan0","f32","10240","2560,1,1,1"
"Target","33","Shared experts","blk.33.ffn_gate_shexp.weight","Vulkan0","Vulkan0","q8_0","1740800","2560,640,1,1"
"Target","33","Shared experts","blk.33.ffn_up_shexp.weight","Vulkan0","Vulkan0","q8_0","1740800","2560,640,1,1"
"Target","33","Shared experts","blk.33.ffn_down_shexp.weight","Vulkan0","Vulkan0","q8_0","1740800","640,2560,1,1"
"Target","34","Hyperconnection mixers","blk.34.hc_attn_norm.weight","Vulkan0","Vulkan0","f32","40960","10240,1,1,1"
"Target","34","Hyperconnection mixers","blk.34.hc_attn_down.weight","Vulkan0","Vulkan0","q8_0","3481600","10240,320,1,1"
"Target","34","Hyperconnection mixers","blk.34.hc_attn_up.weight","Vulkan0","Vulkan0","q8_0","3481600","320,10240,1,1"
"Target","34","Hyperconnection mixers","blk.34.hc_attn_inject.weight","Vulkan0","Vulkan0","q8_0","43520","10240,4,1,1"
"Target","34","Hyperconnection mixers","blk.34.hc_ffn_norm.weight","Vulkan0","Vulkan0","f32","40960","10240,1,1,1"
"Target","34","Hyperconnection mixers","blk.34.hc_ffn_down.weight","Vulkan0","Vulkan0","q8_0","3481600","10240,320,1,1"
"Target","34","Hyperconnection mixers","blk.34.hc_ffn_up.weight","Vulkan0","Vulkan0","q8_0","3481600","320,10240,1,1"
"Target","34","Hyperconnection mixers","blk.34.hc_ffn_inject.weight","Vulkan0","Vulkan0","q8_0","43520","10240,4,1,1"
"Target","34","Attention and indexer weights","blk.34.attn_qkv.weight","Vulkan0","Vulkan0","q8_0","27852800","2560,10240,1,1"
"Target","34","Attention and indexer weights","blk.34.attn_gate.weight","Vulkan0","Vulkan0","q8_0","16711680","2560,6144,1,1"
"Target","34","Recurrent layer weights","blk.34.ssm_conv1d.weight","Vulkan0","Vulkan0","f32","163840","4,10240,1,1"
"Target","34","Recurrent layer weights","blk.34.ssm_dt.bias","Vulkan0","Vulkan0","f32","192","48,1,1,1"
"Target","34","Recurrent layer weights","blk.34.ssm_a","Vulkan0","Vulkan0","f32","192","48,1,1,1"
"Target","34","Recurrent layer weights","blk.34.ssm_beta.weight","Vulkan0","Vulkan0","q8_0","130560","2560,48,1,1"
"Target","34","Recurrent layer weights","blk.34.ssm_alpha.weight","Vulkan0","Vulkan0","q8_0","130560","2560,48,1,1"
"Target","34","Recurrent layer weights","blk.34.ssm_norm.weight","Vulkan0","Vulkan0","f32","512","128,1,1,1"
"Target","34","Recurrent layer weights","blk.34.ssm_out.weight","Vulkan0","Vulkan0","q8_0","16711680","6144,2560,1,1"
"Target","34","Expert routers","blk.34.ffn_gate_inp.weight","Vulkan0","Vulkan0","f32","5242880","2560,512,1,1"
"Target","34","Shared experts","blk.34.ffn_gate_inp_shexp.weight","Vulkan0","Vulkan0","f32","10240","2560,1,1,1"
"Target","34","Shared experts","blk.34.ffn_gate_shexp.weight","Vulkan0","Vulkan0","q8_0","1740800","2560,640,1,1"
"Target","34","Shared experts","blk.34.ffn_up_shexp.weight","Vulkan0","Vulkan0","q8_0","1740800","2560,640,1,1"
"Target","34","Shared experts","blk.34.ffn_down_shexp.weight","Vulkan0","Vulkan0","q8_0","1740800","640,2560,1,1"
"Target","35","Hyperconnection mixers","blk.35.hc_attn_norm.weight","Vulkan0","Vulkan0","f32","40960","10240,1,1,1"
"Target","35","Hyperconnection mixers","blk.35.hc_attn_down.weight","Vulkan0","Vulkan0","q8_0","3481600","10240,320,1,1"
"Target","35","Hyperconnection mixers","blk.35.hc_attn_up.weight","Vulkan0","Vulkan0","q8_0","3481600","320,10240,1,1"
"Target","35","Hyperconnection mixers","blk.35.hc_attn_inject.weight","Vulkan0","Vulkan0","q8_0","43520","10240,4,1,1"
"Target","35","Hyperconnection mixers","blk.35.hc_ffn_norm.weight","Vulkan0","Vulkan0","f32","40960","10240,1,1,1"
"Target","35","Hyperconnection mixers","blk.35.hc_ffn_down.weight","Vulkan0","Vulkan0","q8_0","3481600","10240,320,1,1"
"Target","35","Hyperconnection mixers","blk.35.hc_ffn_up.weight","Vulkan0","Vulkan0","q8_0","3481600","320,10240,1,1"
"Target","35","Hyperconnection mixers","blk.35.hc_ffn_inject.weight","Vulkan0","Vulkan0","q8_0","43520","10240,4,1,1"
"Target","35","Attention and indexer weights","blk.35.attn_q.weight","Vulkan0","Vulkan0","q8_0","33423360","2560,12288,1,1"
"Target","35","Attention and indexer weights","blk.35.attn_k.weight","Vulkan0","Vulkan0","q8_0","1392640","2560,512,1,1"
"Target","35","Attention and indexer weights","blk.35.attn_v.weight","Vulkan0","Vulkan0","q8_0","1392640","2560,512,1,1"
"Target","35","Attention and indexer weights","blk.35.attn_output.weight","Vulkan0","Vulkan0","q8_0","16711680","6144,2560,1,1"
"Target","35","Attention and indexer weights","blk.35.attn_q_norm.weight","Vulkan0","Vulkan0","f32","1024","256,1,1,1"
"Target","35","Attention and indexer weights","blk.35.attn_k_norm.weight","Vulkan0","Vulkan0","f32","1024","256,1,1,1"
"Target","35","Other dense weights","blk.35.indexer.q_proj.weight","Vulkan0","Vulkan0","bf16","2621440","2560,512,1,1"
"Target","35","Other dense weights","blk.35.indexer.k_proj.weight","Vulkan0","Vulkan0","bf16","655360","2560,128,1,1"
"Target","35","Other dense weights","blk.35.indexer.q_norm.weight","Vulkan0","Vulkan0","f32","512","128,1,1,1"
"Target","35","Other dense weights","blk.35.indexer.k_norm.weight","Vulkan0","Vulkan0","f32","512","128,1,1,1"
"Target","35","Expert routers","blk.35.ffn_gate_inp.weight","Vulkan0","Vulkan0","f32","5242880","2560,512,1,1"
"Target","35","Shared experts","blk.35.ffn_gate_inp_shexp.weight","Vulkan0","Vulkan0","f32","10240","2560,1,1,1"
"Target","35","Shared experts","blk.35.ffn_gate_shexp.weight","Vulkan0","Vulkan0","q8_0","1740800","2560,640,1,1"
"Target","35","Shared experts","blk.35.ffn_up_shexp.weight","Vulkan0","Vulkan0","q8_0","1740800","2560,640,1,1"
"Target","35","Shared experts","blk.35.ffn_down_shexp.weight","Vulkan0","Vulkan0","q8_0","1740800","640,2560,1,1"
"Target","36","Hyperconnection mixers","blk.36.hc_attn_norm.weight","Vulkan0","Vulkan0","f32","40960","10240,1,1,1"
"Target","36","Hyperconnection mixers","blk.36.hc_attn_down.weight","Vulkan0","Vulkan0","q8_0","3481600","10240,320,1,1"
"Target","36","Hyperconnection mixers","blk.36.hc_attn_up.weight","Vulkan0","Vulkan0","q8_0","3481600","320,10240,1,1"
"Target","36","Hyperconnection mixers","blk.36.hc_attn_inject.weight","Vulkan0","Vulkan0","q8_0","43520","10240,4,1,1"
"Target","36","Hyperconnection mixers","blk.36.hc_ffn_norm.weight","Vulkan0","Vulkan0","f32","40960","10240,1,1,1"
"Target","36","Hyperconnection mixers","blk.36.hc_ffn_down.weight","Vulkan0","Vulkan0","q8_0","3481600","10240,320,1,1"
"Target","36","Hyperconnection mixers","blk.36.hc_ffn_up.weight","Vulkan0","Vulkan0","q8_0","3481600","320,10240,1,1"
"Target","36","Hyperconnection mixers","blk.36.hc_ffn_inject.weight","Vulkan0","Vulkan0","q8_0","43520","10240,4,1,1"
"Target","36","Attention and indexer weights","blk.36.attn_qkv.weight","Vulkan0","Vulkan0","q8_0","27852800","2560,10240,1,1"
"Target","36","Attention and indexer weights","blk.36.attn_gate.weight","Vulkan0","Vulkan0","q8_0","16711680","2560,6144,1,1"
"Target","36","Recurrent layer weights","blk.36.ssm_conv1d.weight","Vulkan0","Vulkan0","f32","163840","4,10240,1,1"
"Target","36","Recurrent layer weights","blk.36.ssm_dt.bias","Vulkan0","Vulkan0","f32","192","48,1,1,1"
"Target","36","Recurrent layer weights","blk.36.ssm_a","Vulkan0","Vulkan0","f32","192","48,1,1,1"
"Target","36","Recurrent layer weights","blk.36.ssm_beta.weight","Vulkan0","Vulkan0","q8_0","130560","2560,48,1,1"
"Target","36","Recurrent layer weights","blk.36.ssm_alpha.weight","Vulkan0","Vulkan0","q8_0","130560","2560,48,1,1"
"Target","36","Recurrent layer weights","blk.36.ssm_norm.weight","Vulkan0","Vulkan0","f32","512","128,1,1,1"
"Target","36","Recurrent layer weights","blk.36.ssm_out.weight","Vulkan0","Vulkan0","q8_0","16711680","6144,2560,1,1"
"Target","36","Expert routers","blk.36.ffn_gate_inp.weight","Vulkan0","Vulkan0","f32","5242880","2560,512,1,1"
"Target","36","Shared experts","blk.36.ffn_gate_inp_shexp.weight","Vulkan0","Vulkan0","f32","10240","2560,1,1,1"
"Target","36","Shared experts","blk.36.ffn_gate_shexp.weight","Vulkan0","Vulkan0","q8_0","1740800","2560,640,1,1"
"Target","36","Shared experts","blk.36.ffn_up_shexp.weight","Vulkan0","Vulkan0","q8_0","1740800","2560,640,1,1"
"Target","36","Shared experts","blk.36.ffn_down_shexp.weight","Vulkan0","Vulkan0","q8_0","1740800","640,2560,1,1"
"Target","37","Hyperconnection mixers","blk.37.hc_attn_norm.weight","Vulkan0","Vulkan0","f32","40960","10240,1,1,1"
"Target","37","Hyperconnection mixers","blk.37.hc_attn_down.weight","Vulkan0","Vulkan0","q8_0","3481600","10240,320,1,1"
"Target","37","Hyperconnection mixers","blk.37.hc_attn_up.weight","Vulkan0","Vulkan0","q8_0","3481600","320,10240,1,1"
"Target","37","Hyperconnection mixers","blk.37.hc_attn_inject.weight","Vulkan0","Vulkan0","q8_0","43520","10240,4,1,1"
"Target","37","Hyperconnection mixers","blk.37.hc_ffn_norm.weight","Vulkan0","Vulkan0","f32","40960","10240,1,1,1"
"Target","37","Hyperconnection mixers","blk.37.hc_ffn_down.weight","Vulkan0","Vulkan0","q8_0","3481600","10240,320,1,1"
"Target","37","Hyperconnection mixers","blk.37.hc_ffn_up.weight","Vulkan0","Vulkan0","q8_0","3481600","320,10240,1,1"
"Target","37","Hyperconnection mixers","blk.37.hc_ffn_inject.weight","Vulkan0","Vulkan0","q8_0","43520","10240,4,1,1"
"Target","37","Attention and indexer weights","blk.37.attn_qkv.weight","Vulkan0","Vulkan0","q8_0","27852800","2560,10240,1,1"
"Target","37","Attention and indexer weights","blk.37.attn_gate.weight","Vulkan0","Vulkan0","q8_0","16711680","2560,6144,1,1"
"Target","37","Recurrent layer weights","blk.37.ssm_conv1d.weight","Vulkan0","Vulkan0","f32","163840","4,10240,1,1"
"Target","37","Recurrent layer weights","blk.37.ssm_dt.bias","Vulkan0","Vulkan0","f32","192","48,1,1,1"
"Target","37","Recurrent layer weights","blk.37.ssm_a","Vulkan0","Vulkan0","f32","192","48,1,1,1"
"Target","37","Recurrent layer weights","blk.37.ssm_beta.weight","Vulkan0","Vulkan0","q8_0","130560","2560,48,1,1"
"Target","37","Recurrent layer weights","blk.37.ssm_alpha.weight","Vulkan0","Vulkan0","q8_0","130560","2560,48,1,1"
"Target","37","Recurrent layer weights","blk.37.ssm_norm.weight","Vulkan0","Vulkan0","f32","512","128,1,1,1"
"Target","37","Recurrent layer weights","blk.37.ssm_out.weight","Vulkan0","Vulkan0","q8_0","16711680","6144,2560,1,1"
"Target","37","Expert routers","blk.37.ffn_gate_inp.weight","Vulkan0","Vulkan0","f32","5242880","2560,512,1,1"
"Target","37","Shared experts","blk.37.ffn_gate_inp_shexp.weight","Vulkan0","Vulkan0","f32","10240","2560,1,1,1"
"Target","37","Shared experts","blk.37.ffn_gate_shexp.weight","Vulkan0","Vulkan0","q8_0","1740800","2560,640,1,1"
"Target","37","Shared experts","blk.37.ffn_up_shexp.weight","Vulkan0","Vulkan0","q8_0","1740800","2560,640,1,1"
"Target","37","Shared experts","blk.37.ffn_down_shexp.weight","Vulkan0","Vulkan0","q8_0","1740800","640,2560,1,1"
"Target","38","Hyperconnection mixers","blk.38.hc_attn_norm.weight","Vulkan0","Vulkan0","f32","40960","10240,1,1,1"
"Target","38","Hyperconnection mixers","blk.38.hc_attn_down.weight","Vulkan0","Vulkan0","q8_0","3481600","10240,320,1,1"
"Target","38","Hyperconnection mixers","blk.38.hc_attn_up.weight","Vulkan0","Vulkan0","q8_0","3481600","320,10240,1,1"
"Target","38","Hyperconnection mixers","blk.38.hc_attn_inject.weight","Vulkan0","Vulkan0","q8_0","43520","10240,4,1,1"
"Target","38","Hyperconnection mixers","blk.38.hc_ffn_norm.weight","Vulkan0","Vulkan0","f32","40960","10240,1,1,1"
"Target","38","Hyperconnection mixers","blk.38.hc_ffn_down.weight","Vulkan0","Vulkan0","q8_0","3481600","10240,320,1,1"
"Target","38","Hyperconnection mixers","blk.38.hc_ffn_up.weight","Vulkan0","Vulkan0","q8_0","3481600","320,10240,1,1"
"Target","38","Hyperconnection mixers","blk.38.hc_ffn_inject.weight","Vulkan0","Vulkan0","q8_0","43520","10240,4,1,1"
"Target","38","Attention and indexer weights","blk.38.attn_qkv.weight","Vulkan0","Vulkan0","q8_0","27852800","2560,10240,1,1"
"Target","38","Attention and indexer weights","blk.38.attn_gate.weight","Vulkan0","Vulkan0","q8_0","16711680","2560,6144,1,1"
"Target","38","Recurrent layer weights","blk.38.ssm_conv1d.weight","Vulkan0","Vulkan0","f32","163840","4,10240,1,1"
"Target","38","Recurrent layer weights","blk.38.ssm_dt.bias","Vulkan0","Vulkan0","f32","192","48,1,1,1"
"Target","38","Recurrent layer weights","blk.38.ssm_a","Vulkan0","Vulkan0","f32","192","48,1,1,1"
"Target","38","Recurrent layer weights","blk.38.ssm_beta.weight","Vulkan0","Vulkan0","q8_0","130560","2560,48,1,1"
"Target","38","Recurrent layer weights","blk.38.ssm_alpha.weight","Vulkan0","Vulkan0","q8_0","130560","2560,48,1,1"
"Target","38","Recurrent layer weights","blk.38.ssm_norm.weight","Vulkan0","Vulkan0","f32","512","128,1,1,1"
"Target","38","Recurrent layer weights","blk.38.ssm_out.weight","Vulkan0","Vulkan0","q8_0","16711680","6144,2560,1,1"
"Target","38","Expert routers","blk.38.ffn_gate_inp.weight","Vulkan0","Vulkan0","f32","5242880","2560,512,1,1"
"Target","38","Shared experts","blk.38.ffn_gate_inp_shexp.weight","Vulkan0","Vulkan0","f32","10240","2560,1,1,1"
"Target","38","Shared experts","blk.38.ffn_gate_shexp.weight","Vulkan0","Vulkan0","q8_0","1740800","2560,640,1,1"
"Target","38","Shared experts","blk.38.ffn_up_shexp.weight","Vulkan0","Vulkan0","q8_0","1740800","2560,640,1,1"
"Target","38","Shared experts","blk.38.ffn_down_shexp.weight","Vulkan0","Vulkan0","q8_0","1740800","640,2560,1,1"
"Target","39","Hyperconnection mixers","blk.39.hc_attn_norm.weight","Vulkan0","Vulkan0","f32","40960","10240,1,1,1"
"Target","39","Hyperconnection mixers","blk.39.hc_attn_down.weight","Vulkan0","Vulkan0","q8_0","3481600","10240,320,1,1"
"Target","39","Hyperconnection mixers","blk.39.hc_attn_up.weight","Vulkan0","Vulkan0","q8_0","3481600","320,10240,1,1"
"Target","39","Hyperconnection mixers","blk.39.hc_attn_inject.weight","Vulkan0","Vulkan0","q8_0","43520","10240,4,1,1"
"Target","39","Hyperconnection mixers","blk.39.hc_ffn_norm.weight","Vulkan0","Vulkan0","f32","40960","10240,1,1,1"
"Target","39","Hyperconnection mixers","blk.39.hc_ffn_down.weight","Vulkan0","Vulkan0","q8_0","3481600","10240,320,1,1"
"Target","39","Hyperconnection mixers","blk.39.hc_ffn_up.weight","Vulkan0","Vulkan0","q8_0","3481600","320,10240,1,1"
"Target","39","Hyperconnection mixers","blk.39.hc_ffn_inject.weight","Vulkan0","Vulkan0","q8_0","43520","10240,4,1,1"
"Target","39","Attention and indexer weights","blk.39.attn_q.weight","Vulkan0","Vulkan0","q8_0","33423360","2560,12288,1,1"
"Target","39","Attention and indexer weights","blk.39.attn_k.weight","Vulkan0","Vulkan0","q8_0","1392640","2560,512,1,1"
"Target","39","Attention and indexer weights","blk.39.attn_v.weight","Vulkan0","Vulkan0","q8_0","1392640","2560,512,1,1"
"Target","39","Attention and indexer weights","blk.39.attn_output.weight","Vulkan0","Vulkan0","q8_0","16711680","6144,2560,1,1"
"Target","39","Attention and indexer weights","blk.39.attn_q_norm.weight","Vulkan0","Vulkan0","f32","1024","256,1,1,1"
"Target","39","Attention and indexer weights","blk.39.attn_k_norm.weight","Vulkan0","Vulkan0","f32","1024","256,1,1,1"
"Target","39","Other dense weights","blk.39.indexer.q_proj.weight","Vulkan0","Vulkan0","bf16","2621440","2560,512,1,1"
"Target","39","Other dense weights","blk.39.indexer.k_proj.weight","Vulkan0","Vulkan0","bf16","655360","2560,128,1,1"
"Target","39","Other dense weights","blk.39.indexer.q_norm.weight","Vulkan0","Vulkan0","f32","512","128,1,1,1"
"Target","39","Other dense weights","blk.39.indexer.k_norm.weight","Vulkan0","Vulkan0","f32","512","128,1,1,1"
"Target","39","Expert routers","blk.39.ffn_gate_inp.weight","Vulkan0","Vulkan0","f32","5242880","2560,512,1,1"
"Target","39","Shared experts","blk.39.ffn_gate_inp_shexp.weight","Vulkan0","Vulkan0","f32","10240","2560,1,1,1"
"Target","39","Shared experts","blk.39.ffn_gate_shexp.weight","Vulkan0","Vulkan0","q8_0","1740800","2560,640,1,1"
"Target","39","Shared experts","blk.39.ffn_up_shexp.weight","Vulkan0","Vulkan0","q8_0","1740800","2560,640,1,1"
"Target","39","Shared experts","blk.39.ffn_down_shexp.weight","Vulkan0","Vulkan0","q8_0","1740800","640,2560,1,1"
"Target","40","Hyperconnection mixers","blk.40.hc_attn_norm.weight","Vulkan0","Vulkan0","f32","40960","10240,1,1,1"
"Target","40","Hyperconnection mixers","blk.40.hc_attn_down.weight","Vulkan0","Vulkan0","q8_0","3481600","10240,320,1,1"
"Target","40","Hyperconnection mixers","blk.40.hc_attn_up.weight","Vulkan0","Vulkan0","q8_0","3481600","320,10240,1,1"
"Target","40","Hyperconnection mixers","blk.40.hc_attn_inject.weight","Vulkan0","Vulkan0","q8_0","43520","10240,4,1,1"
"Target","40","Hyperconnection mixers","blk.40.hc_ffn_norm.weight","Vulkan0","Vulkan0","f32","40960","10240,1,1,1"
"Target","40","Hyperconnection mixers","blk.40.hc_ffn_down.weight","Vulkan0","Vulkan0","q8_0","3481600","10240,320,1,1"
"Target","40","Hyperconnection mixers","blk.40.hc_ffn_up.weight","Vulkan0","Vulkan0","q8_0","3481600","320,10240,1,1"
"Target","40","Hyperconnection mixers","blk.40.hc_ffn_inject.weight","Vulkan0","Vulkan0","q8_0","43520","10240,4,1,1"
"Target","40","Attention and indexer weights","blk.40.attn_qkv.weight","Vulkan0","Vulkan0","q8_0","27852800","2560,10240,1,1"
"Target","40","Attention and indexer weights","blk.40.attn_gate.weight","Vulkan0","Vulkan0","q8_0","16711680","2560,6144,1,1"
"Target","40","Recurrent layer weights","blk.40.ssm_conv1d.weight","Vulkan0","Vulkan0","f32","163840","4,10240,1,1"
"Target","40","Recurrent layer weights","blk.40.ssm_dt.bias","Vulkan0","Vulkan0","f32","192","48,1,1,1"
"Target","40","Recurrent layer weights","blk.40.ssm_a","Vulkan0","Vulkan0","f32","192","48,1,1,1"
"Target","40","Recurrent layer weights","blk.40.ssm_beta.weight","Vulkan0","Vulkan0","q8_0","130560","2560,48,1,1"
"Target","40","Recurrent layer weights","blk.40.ssm_alpha.weight","Vulkan0","Vulkan0","q8_0","130560","2560,48,1,1"
"Target","40","Recurrent layer weights","blk.40.ssm_norm.weight","Vulkan0","Vulkan0","f32","512","128,1,1,1"
"Target","40","Recurrent layer weights","blk.40.ssm_out.weight","Vulkan0","Vulkan0","q8_0","16711680","6144,2560,1,1"
"Target","40","Expert routers","blk.40.ffn_gate_inp.weight","Vulkan0","Vulkan0","f32","5242880","2560,512,1,1"
"Target","40","Routed expert banks","blk.40.ffn_down_exps.weight","Vulkan0","Vulkan0","iq4_nl","471859200","640,2560,512,1"
"Target","40","Routed expert banks","blk.40.ffn_gate_exps.weight","Vulkan0","Vulkan0","iq3_s","360448000","2560,640,512,1"
"Target","40","Routed expert banks","blk.40.ffn_up_exps.weight","Vulkan0","Vulkan0","iq3_s","360448000","2560,640,512,1"
"Target","40","Shared experts","blk.40.ffn_gate_inp_shexp.weight","Vulkan0","Vulkan0","f32","10240","2560,1,1,1"
"Target","40","Shared experts","blk.40.ffn_gate_shexp.weight","Vulkan0","Vulkan0","q8_0","1740800","2560,640,1,1"
"Target","40","Shared experts","blk.40.ffn_up_shexp.weight","Vulkan0","Vulkan0","q8_0","1740800","2560,640,1,1"
"Target","40","Shared experts","blk.40.ffn_down_shexp.weight","Vulkan0","Vulkan0","q8_0","1740800","640,2560,1,1"
"Target","41","Hyperconnection mixers","blk.41.hc_attn_norm.weight","Vulkan0","Vulkan0","f32","40960","10240,1,1,1"
"Target","41","Hyperconnection mixers","blk.41.hc_attn_down.weight","Vulkan0","Vulkan0","q8_0","3481600","10240,320,1,1"
"Target","41","Hyperconnection mixers","blk.41.hc_attn_up.weight","Vulkan0","Vulkan0","q8_0","3481600","320,10240,1,1"
"Target","41","Hyperconnection mixers","blk.41.hc_attn_inject.weight","Vulkan0","Vulkan0","q8_0","43520","10240,4,1,1"
"Target","41","Hyperconnection mixers","blk.41.hc_ffn_norm.weight","Vulkan0","Vulkan0","f32","40960","10240,1,1,1"
"Target","41","Hyperconnection mixers","blk.41.hc_ffn_down.weight","Vulkan0","Vulkan0","q8_0","3481600","10240,320,1,1"
"Target","41","Hyperconnection mixers","blk.41.hc_ffn_up.weight","Vulkan0","Vulkan0","q8_0","3481600","320,10240,1,1"
"Target","41","Hyperconnection mixers","blk.41.hc_ffn_inject.weight","Vulkan0","Vulkan0","q8_0","43520","10240,4,1,1"
"Target","41","Attention and indexer weights","blk.41.attn_qkv.weight","Vulkan0","Vulkan0","q8_0","27852800","2560,10240,1,1"
"Target","41","Attention and indexer weights","blk.41.attn_gate.weight","Vulkan0","Vulkan0","q8_0","16711680","2560,6144,1,1"
"Target","41","Recurrent layer weights","blk.41.ssm_conv1d.weight","Vulkan0","Vulkan0","f32","163840","4,10240,1,1"
"Target","41","Recurrent layer weights","blk.41.ssm_dt.bias","Vulkan0","Vulkan0","f32","192","48,1,1,1"
"Target","41","Recurrent layer weights","blk.41.ssm_a","Vulkan0","Vulkan0","f32","192","48,1,1,1"
"Target","41","Recurrent layer weights","blk.41.ssm_beta.weight","Vulkan0","Vulkan0","q8_0","130560","2560,48,1,1"
"Target","41","Recurrent layer weights","blk.41.ssm_alpha.weight","Vulkan0","Vulkan0","q8_0","130560","2560,48,1,1"
"Target","41","Recurrent layer weights","blk.41.ssm_norm.weight","Vulkan0","Vulkan0","f32","512","128,1,1,1"
"Target","41","Recurrent layer weights","blk.41.ssm_out.weight","Vulkan0","Vulkan0","q8_0","16711680","6144,2560,1,1"
"Target","41","Expert routers","blk.41.ffn_gate_inp.weight","Vulkan0","Vulkan0","f32","5242880","2560,512,1,1"
"Target","41","Routed expert banks","blk.41.ffn_down_exps.weight","Vulkan0","Vulkan0","iq4_nl","471859200","640,2560,512,1"
"Target","41","Routed expert banks","blk.41.ffn_gate_exps.weight","Vulkan0","Vulkan0","iq3_s","360448000","2560,640,512,1"
"Target","41","Routed expert banks","blk.41.ffn_up_exps.weight","Vulkan0","Vulkan0","iq3_s","360448000","2560,640,512,1"
"Target","41","Shared experts","blk.41.ffn_gate_inp_shexp.weight","Vulkan0","Vulkan0","f32","10240","2560,1,1,1"
"Target","41","Shared experts","blk.41.ffn_gate_shexp.weight","Vulkan0","Vulkan0","q8_0","1740800","2560,640,1,1"
"Target","41","Shared experts","blk.41.ffn_up_shexp.weight","Vulkan0","Vulkan0","q8_0","1740800","2560,640,1,1"
"Target","41","Shared experts","blk.41.ffn_down_shexp.weight","Vulkan0","Vulkan0","q8_0","1740800","640,2560,1,1"
"Target","42","Hyperconnection mixers","blk.42.hc_attn_norm.weight","Vulkan0","Vulkan0","f32","40960","10240,1,1,1"
"Target","42","Hyperconnection mixers","blk.42.hc_attn_down.weight","Vulkan0","Vulkan0","q8_0","3481600","10240,320,1,1"
"Target","42","Hyperconnection mixers","blk.42.hc_attn_up.weight","Vulkan0","Vulkan0","q8_0","3481600","320,10240,1,1"
"Target","42","Hyperconnection mixers","blk.42.hc_attn_inject.weight","Vulkan0","Vulkan0","q8_0","43520","10240,4,1,1"
"Target","42","Hyperconnection mixers","blk.42.hc_ffn_norm.weight","Vulkan0","Vulkan0","f32","40960","10240,1,1,1"
"Target","42","Hyperconnection mixers","blk.42.hc_ffn_down.weight","Vulkan0","Vulkan0","q8_0","3481600","10240,320,1,1"
"Target","42","Hyperconnection mixers","blk.42.hc_ffn_up.weight","Vulkan0","Vulkan0","q8_0","3481600","320,10240,1,1"
"Target","42","Hyperconnection mixers","blk.42.hc_ffn_inject.weight","Vulkan0","Vulkan0","q8_0","43520","10240,4,1,1"
"Target","42","Attention and indexer weights","blk.42.attn_qkv.weight","Vulkan0","Vulkan0","q8_0","27852800","2560,10240,1,1"
"Target","42","Attention and indexer weights","blk.42.attn_gate.weight","Vulkan0","Vulkan0","q8_0","16711680","2560,6144,1,1"
"Target","42","Recurrent layer weights","blk.42.ssm_conv1d.weight","Vulkan0","Vulkan0","f32","163840","4,10240,1,1"
"Target","42","Recurrent layer weights","blk.42.ssm_dt.bias","Vulkan0","Vulkan0","f32","192","48,1,1,1"
"Target","42","Recurrent layer weights","blk.42.ssm_a","Vulkan0","Vulkan0","f32","192","48,1,1,1"
"Target","42","Recurrent layer weights","blk.42.ssm_beta.weight","Vulkan0","Vulkan0","q8_0","130560","2560,48,1,1"
"Target","42","Recurrent layer weights","blk.42.ssm_alpha.weight","Vulkan0","Vulkan0","q8_0","130560","2560,48,1,1"
"Target","42","Recurrent layer weights","blk.42.ssm_norm.weight","Vulkan0","Vulkan0","f32","512","128,1,1,1"
"Target","42","Recurrent layer weights","blk.42.ssm_out.weight","Vulkan0","Vulkan0","q8_0","16711680","6144,2560,1,1"
"Target","42","Expert routers","blk.42.ffn_gate_inp.weight","Vulkan0","Vulkan0","f32","5242880","2560,512,1,1"
"Target","42","Routed expert banks","blk.42.ffn_down_exps.weight","Vulkan0","Vulkan0","iq4_nl","471859200","640,2560,512,1"
"Target","42","Routed expert banks","blk.42.ffn_gate_exps.weight","Vulkan0","Vulkan0","iq3_s","360448000","2560,640,512,1"
"Target","42","Routed expert banks","blk.42.ffn_up_exps.weight","Vulkan0","Vulkan0","iq3_s","360448000","2560,640,512,1"
"Target","42","Shared experts","blk.42.ffn_gate_inp_shexp.weight","Vulkan0","Vulkan0","f32","10240","2560,1,1,1"
"Target","42","Shared experts","blk.42.ffn_gate_shexp.weight","Vulkan0","Vulkan0","q8_0","1740800","2560,640,1,1"
"Target","42","Shared experts","blk.42.ffn_up_shexp.weight","Vulkan0","Vulkan0","q8_0","1740800","2560,640,1,1"
"Target","42","Shared experts","blk.42.ffn_down_shexp.weight","Vulkan0","Vulkan0","q8_0","1740800","640,2560,1,1"
"Target","43","Hyperconnection mixers","blk.43.hc_attn_norm.weight","Vulkan0","Vulkan0","f32","40960","10240,1,1,1"
"Target","43","Hyperconnection mixers","blk.43.hc_attn_down.weight","Vulkan0","Vulkan0","q8_0","3481600","10240,320,1,1"
"Target","43","Hyperconnection mixers","blk.43.hc_attn_up.weight","Vulkan0","Vulkan0","q8_0","3481600","320,10240,1,1"
"Target","43","Hyperconnection mixers","blk.43.hc_attn_inject.weight","Vulkan0","Vulkan0","q8_0","43520","10240,4,1,1"
"Target","43","Hyperconnection mixers","blk.43.hc_ffn_norm.weight","Vulkan0","Vulkan0","f32","40960","10240,1,1,1"
"Target","43","Hyperconnection mixers","blk.43.hc_ffn_down.weight","Vulkan0","Vulkan0","q8_0","3481600","10240,320,1,1"
"Target","43","Hyperconnection mixers","blk.43.hc_ffn_up.weight","Vulkan0","Vulkan0","q8_0","3481600","320,10240,1,1"
"Target","43","Hyperconnection mixers","blk.43.hc_ffn_inject.weight","Vulkan0","Vulkan0","q8_0","43520","10240,4,1,1"
"Target","43","Attention and indexer weights","blk.43.attn_q.weight","Vulkan0","Vulkan0","q8_0","33423360","2560,12288,1,1"
"Target","43","Attention and indexer weights","blk.43.attn_k.weight","Vulkan0","Vulkan0","q8_0","1392640","2560,512,1,1"
"Target","43","Attention and indexer weights","blk.43.attn_v.weight","Vulkan0","Vulkan0","q8_0","1392640","2560,512,1,1"
"Target","43","Attention and indexer weights","blk.43.attn_output.weight","Vulkan0","Vulkan0","q8_0","16711680","6144,2560,1,1"
"Target","43","Attention and indexer weights","blk.43.attn_q_norm.weight","Vulkan0","Vulkan0","f32","1024","256,1,1,1"
"Target","43","Attention and indexer weights","blk.43.attn_k_norm.weight","Vulkan0","Vulkan0","f32","1024","256,1,1,1"
"Target","43","Other dense weights","blk.43.indexer.q_proj.weight","Vulkan0","Vulkan0","bf16","2621440","2560,512,1,1"
"Target","43","Other dense weights","blk.43.indexer.k_proj.weight","Vulkan0","Vulkan0","bf16","655360","2560,128,1,1"
"Target","43","Other dense weights","blk.43.indexer.q_norm.weight","Vulkan0","Vulkan0","f32","512","128,1,1,1"
"Target","43","Other dense weights","blk.43.indexer.k_norm.weight","Vulkan0","Vulkan0","f32","512","128,1,1,1"
"Target","43","Expert routers","blk.43.ffn_gate_inp.weight","Vulkan0","Vulkan0","f32","5242880","2560,512,1,1"
"Target","43","Routed expert banks","blk.43.ffn_down_exps.weight","Vulkan0","Vulkan0","iq4_nl","471859200","640,2560,512,1"
"Target","43","Routed expert banks","blk.43.ffn_gate_exps.weight","Vulkan0","Vulkan0","iq3_s","360448000","2560,640,512,1"
"Target","43","Routed expert banks","blk.43.ffn_up_exps.weight","Vulkan0","Vulkan0","iq3_s","360448000","2560,640,512,1"
"Target","43","Shared experts","blk.43.ffn_gate_inp_shexp.weight","Vulkan0","Vulkan0","f32","10240","2560,1,1,1"
"Target","43","Shared experts","blk.43.ffn_gate_shexp.weight","Vulkan0","Vulkan0","q8_0","1740800","2560,640,1,1"
"Target","43","Shared experts","blk.43.ffn_up_shexp.weight","Vulkan0","Vulkan0","q8_0","1740800","2560,640,1,1"
"Target","43","Shared experts","blk.43.ffn_down_shexp.weight","Vulkan0","Vulkan0","q8_0","1740800","640,2560,1,1"
"Target","44","Hyperconnection mixers","blk.44.hc_attn_norm.weight","Vulkan0","Vulkan0","f32","40960","10240,1,1,1"
"Target","44","Hyperconnection mixers","blk.44.hc_attn_down.weight","Vulkan0","Vulkan0","q8_0","3481600","10240,320,1,1"
"Target","44","Hyperconnection mixers","blk.44.hc_attn_up.weight","Vulkan0","Vulkan0","q8_0","3481600","320,10240,1,1"
"Target","44","Hyperconnection mixers","blk.44.hc_attn_inject.weight","Vulkan0","Vulkan0","q8_0","43520","10240,4,1,1"
"Target","44","Hyperconnection mixers","blk.44.hc_ffn_norm.weight","Vulkan0","Vulkan0","f32","40960","10240,1,1,1"
"Target","44","Hyperconnection mixers","blk.44.hc_ffn_down.weight","Vulkan0","Vulkan0","q8_0","3481600","10240,320,1,1"
"Target","44","Hyperconnection mixers","blk.44.hc_ffn_up.weight","Vulkan0","Vulkan0","q8_0","3481600","320,10240,1,1"
"Target","44","Hyperconnection mixers","blk.44.hc_ffn_inject.weight","Vulkan0","Vulkan0","q8_0","43520","10240,4,1,1"
"Target","44","Attention and indexer weights","blk.44.attn_qkv.weight","Vulkan0","Vulkan0","q8_0","27852800","2560,10240,1,1"
"Target","44","Attention and indexer weights","blk.44.attn_gate.weight","Vulkan0","Vulkan0","q8_0","16711680","2560,6144,1,1"
"Target","44","Recurrent layer weights","blk.44.ssm_conv1d.weight","Vulkan0","Vulkan0","f32","163840","4,10240,1,1"
"Target","44","Recurrent layer weights","blk.44.ssm_dt.bias","Vulkan0","Vulkan0","f32","192","48,1,1,1"
"Target","44","Recurrent layer weights","blk.44.ssm_a","Vulkan0","Vulkan0","f32","192","48,1,1,1"
"Target","44","Recurrent layer weights","blk.44.ssm_beta.weight","Vulkan0","Vulkan0","q8_0","130560","2560,48,1,1"
"Target","44","Recurrent layer weights","blk.44.ssm_alpha.weight","Vulkan0","Vulkan0","q8_0","130560","2560,48,1,1"
"Target","44","Recurrent layer weights","blk.44.ssm_norm.weight","Vulkan0","Vulkan0","f32","512","128,1,1,1"
"Target","44","Recurrent layer weights","blk.44.ssm_out.weight","Vulkan0","Vulkan0","q8_0","16711680","6144,2560,1,1"
"Target","44","Expert routers","blk.44.ffn_gate_inp.weight","Vulkan0","Vulkan0","f32","5242880","2560,512,1,1"
"Target","44","Routed expert banks","blk.44.ffn_down_exps.weight","Vulkan0","Vulkan0","iq4_nl","471859200","640,2560,512,1"
"Target","44","Routed expert banks","blk.44.ffn_gate_exps.weight","Vulkan0","Vulkan0","iq3_s","360448000","2560,640,512,1"
"Target","44","Routed expert banks","blk.44.ffn_up_exps.weight","Vulkan0","Vulkan0","iq3_s","360448000","2560,640,512,1"
"Target","44","Shared experts","blk.44.ffn_gate_inp_shexp.weight","Vulkan0","Vulkan0","f32","10240","2560,1,1,1"
"Target","44","Shared experts","blk.44.ffn_gate_shexp.weight","Vulkan0","Vulkan0","q8_0","1740800","2560,640,1,1"
"Target","44","Shared experts","blk.44.ffn_up_shexp.weight","Vulkan0","Vulkan0","q8_0","1740800","2560,640,1,1"
"Target","44","Shared experts","blk.44.ffn_down_shexp.weight","Vulkan0","Vulkan0","q8_0","1740800","640,2560,1,1"
"Target","45","Hyperconnection mixers","blk.45.hc_attn_norm.weight","Vulkan0","Vulkan0","f32","40960","10240,1,1,1"
"Target","45","Hyperconnection mixers","blk.45.hc_attn_down.weight","Vulkan0","Vulkan0","q8_0","3481600","10240,320,1,1"
"Target","45","Hyperconnection mixers","blk.45.hc_attn_up.weight","Vulkan0","Vulkan0","q8_0","3481600","320,10240,1,1"
"Target","45","Hyperconnection mixers","blk.45.hc_attn_inject.weight","Vulkan0","Vulkan0","q8_0","43520","10240,4,1,1"
"Target","45","Hyperconnection mixers","blk.45.hc_ffn_norm.weight","Vulkan0","Vulkan0","f32","40960","10240,1,1,1"
"Target","45","Hyperconnection mixers","blk.45.hc_ffn_down.weight","Vulkan0","Vulkan0","q8_0","3481600","10240,320,1,1"
"Target","45","Hyperconnection mixers","blk.45.hc_ffn_up.weight","Vulkan0","Vulkan0","q8_0","3481600","320,10240,1,1"
"Target","45","Hyperconnection mixers","blk.45.hc_ffn_inject.weight","Vulkan0","Vulkan0","q8_0","43520","10240,4,1,1"
"Target","45","Attention and indexer weights","blk.45.attn_qkv.weight","Vulkan0","Vulkan0","q8_0","27852800","2560,10240,1,1"
"Target","45","Attention and indexer weights","blk.45.attn_gate.weight","Vulkan0","Vulkan0","q8_0","16711680","2560,6144,1,1"
"Target","45","Recurrent layer weights","blk.45.ssm_conv1d.weight","Vulkan0","Vulkan0","f32","163840","4,10240,1,1"
"Target","45","Recurrent layer weights","blk.45.ssm_dt.bias","Vulkan0","Vulkan0","f32","192","48,1,1,1"
"Target","45","Recurrent layer weights","blk.45.ssm_a","Vulkan0","Vulkan0","f32","192","48,1,1,1"
"Target","45","Recurrent layer weights","blk.45.ssm_beta.weight","Vulkan0","Vulkan0","q8_0","130560","2560,48,1,1"
"Target","45","Recurrent layer weights","blk.45.ssm_alpha.weight","Vulkan0","Vulkan0","q8_0","130560","2560,48,1,1"
"Target","45","Recurrent layer weights","blk.45.ssm_norm.weight","Vulkan0","Vulkan0","f32","512","128,1,1,1"
"Target","45","Recurrent layer weights","blk.45.ssm_out.weight","Vulkan0","Vulkan0","q8_0","16711680","6144,2560,1,1"
"Target","45","Expert routers","blk.45.ffn_gate_inp.weight","Vulkan0","Vulkan0","f32","5242880","2560,512,1,1"
"Target","45","Routed expert banks","blk.45.ffn_down_exps.weight","Vulkan0","Vulkan0","iq4_nl","471859200","640,2560,512,1"
"Target","45","Routed expert banks","blk.45.ffn_gate_exps.weight","Vulkan0","Vulkan0","iq3_s","360448000","2560,640,512,1"
"Target","45","Routed expert banks","blk.45.ffn_up_exps.weight","Vulkan0","Vulkan0","iq3_s","360448000","2560,640,512,1"
"Target","45","Shared experts","blk.45.ffn_gate_inp_shexp.weight","Vulkan0","Vulkan0","f32","10240","2560,1,1,1"
"Target","45","Shared experts","blk.45.ffn_gate_shexp.weight","Vulkan0","Vulkan0","q8_0","1740800","2560,640,1,1"
"Target","45","Shared experts","blk.45.ffn_up_shexp.weight","Vulkan0","Vulkan0","q8_0","1740800","2560,640,1,1"
"Target","45","Shared experts","blk.45.ffn_down_shexp.weight","Vulkan0","Vulkan0","q8_0","1740800","640,2560,1,1"
"Target","46","Hyperconnection mixers","blk.46.hc_attn_norm.weight","Vulkan0","Vulkan0","f32","40960","10240,1,1,1"
"Target","46","Hyperconnection mixers","blk.46.hc_attn_down.weight","Vulkan0","Vulkan0","q8_0","3481600","10240,320,1,1"
"Target","46","Hyperconnection mixers","blk.46.hc_attn_up.weight","Vulkan0","Vulkan0","q8_0","3481600","320,10240,1,1"
"Target","46","Hyperconnection mixers","blk.46.hc_attn_inject.weight","Vulkan0","Vulkan0","q8_0","43520","10240,4,1,1"
"Target","46","Hyperconnection mixers","blk.46.hc_ffn_norm.weight","Vulkan0","Vulkan0","f32","40960","10240,1,1,1"
"Target","46","Hyperconnection mixers","blk.46.hc_ffn_down.weight","Vulkan0","Vulkan0","q8_0","3481600","10240,320,1,1"
"Target","46","Hyperconnection mixers","blk.46.hc_ffn_up.weight","Vulkan0","Vulkan0","q8_0","3481600","320,10240,1,1"
"Target","46","Hyperconnection mixers","blk.46.hc_ffn_inject.weight","Vulkan0","Vulkan0","q8_0","43520","10240,4,1,1"
"Target","46","Attention and indexer weights","blk.46.attn_qkv.weight","Vulkan0","Vulkan0","q8_0","27852800","2560,10240,1,1"
"Target","46","Attention and indexer weights","blk.46.attn_gate.weight","Vulkan0","Vulkan0","q8_0","16711680","2560,6144,1,1"
"Target","46","Recurrent layer weights","blk.46.ssm_conv1d.weight","Vulkan0","Vulkan0","f32","163840","4,10240,1,1"
"Target","46","Recurrent layer weights","blk.46.ssm_dt.bias","Vulkan0","Vulkan0","f32","192","48,1,1,1"
"Target","46","Recurrent layer weights","blk.46.ssm_a","Vulkan0","Vulkan0","f32","192","48,1,1,1"
"Target","46","Recurrent layer weights","blk.46.ssm_beta.weight","Vulkan0","Vulkan0","q8_0","130560","2560,48,1,1"
"Target","46","Recurrent layer weights","blk.46.ssm_alpha.weight","Vulkan0","Vulkan0","q8_0","130560","2560,48,1,1"
"Target","46","Recurrent layer weights","blk.46.ssm_norm.weight","Vulkan0","Vulkan0","f32","512","128,1,1,1"
"Target","46","Recurrent layer weights","blk.46.ssm_out.weight","Vulkan0","Vulkan0","q8_0","16711680","6144,2560,1,1"
"Target","46","Expert routers","blk.46.ffn_gate_inp.weight","Vulkan0","Vulkan0","f32","5242880","2560,512,1,1"
"Target","46","Routed expert banks","blk.46.ffn_down_exps.weight","Vulkan0","Vulkan0","iq4_nl","471859200","640,2560,512,1"
"Target","46","Routed expert banks","blk.46.ffn_gate_exps.weight","Vulkan0","Vulkan0","iq3_s","360448000","2560,640,512,1"
"Target","46","Routed expert banks","blk.46.ffn_up_exps.weight","Vulkan0","Vulkan0","iq3_s","360448000","2560,640,512,1"
"Target","46","Shared experts","blk.46.ffn_gate_inp_shexp.weight","Vulkan0","Vulkan0","f32","10240","2560,1,1,1"
"Target","46","Shared experts","blk.46.ffn_gate_shexp.weight","Vulkan0","Vulkan0","q8_0","1740800","2560,640,1,1"
"Target","46","Shared experts","blk.46.ffn_up_shexp.weight","Vulkan0","Vulkan0","q8_0","1740800","2560,640,1,1"
"Target","46","Shared experts","blk.46.ffn_down_shexp.weight","Vulkan0","Vulkan0","q8_0","1740800","640,2560,1,1"
"Target","47","Hyperconnection mixers","blk.47.hc_attn_norm.weight","Vulkan0","Vulkan0","f32","40960","10240,1,1,1"
"Target","47","Hyperconnection mixers","blk.47.hc_attn_down.weight","Vulkan0","Vulkan0","q8_0","3481600","10240,320,1,1"
"Target","47","Hyperconnection mixers","blk.47.hc_attn_up.weight","Vulkan0","Vulkan0","q8_0","3481600","320,10240,1,1"
"Target","47","Hyperconnection mixers","blk.47.hc_attn_inject.weight","Vulkan0","Vulkan0","q8_0","43520","10240,4,1,1"
"Target","47","Hyperconnection mixers","blk.47.hc_ffn_norm.weight","Vulkan0","Vulkan0","f32","40960","10240,1,1,1"
"Target","47","Hyperconnection mixers","blk.47.hc_ffn_down.weight","Vulkan0","Vulkan0","q8_0","3481600","10240,320,1,1"
"Target","47","Hyperconnection mixers","blk.47.hc_ffn_up.weight","Vulkan0","Vulkan0","q8_0","3481600","320,10240,1,1"
"Target","47","Hyperconnection mixers","blk.47.hc_ffn_inject.weight","Vulkan0","Vulkan0","q8_0","43520","10240,4,1,1"
"Target","47","Attention and indexer weights","blk.47.attn_q.weight","Vulkan0","Vulkan0","q8_0","33423360","2560,12288,1,1"
"Target","47","Attention and indexer weights","blk.47.attn_k.weight","Vulkan0","Vulkan0","q8_0","1392640","2560,512,1,1"
"Target","47","Attention and indexer weights","blk.47.attn_v.weight","Vulkan0","Vulkan0","q8_0","1392640","2560,512,1,1"
"Target","47","Attention and indexer weights","blk.47.attn_output.weight","Vulkan0","Vulkan0","q8_0","16711680","6144,2560,1,1"
"Target","47","Attention and indexer weights","blk.47.attn_q_norm.weight","Vulkan0","Vulkan0","f32","1024","256,1,1,1"
"Target","47","Attention and indexer weights","blk.47.attn_k_norm.weight","Vulkan0","Vulkan0","f32","1024","256,1,1,1"
"Target","47","Other dense weights","blk.47.indexer.q_proj.weight","Vulkan0","Vulkan0","bf16","2621440","2560,512,1,1"
"Target","47","Other dense weights","blk.47.indexer.k_proj.weight","Vulkan0","Vulkan0","bf16","655360","2560,128,1,1"
"Target","47","Other dense weights","blk.47.indexer.q_norm.weight","Vulkan0","Vulkan0","f32","512","128,1,1,1"
"Target","47","Other dense weights","blk.47.indexer.k_norm.weight","Vulkan0","Vulkan0","f32","512","128,1,1,1"
"Target","47","Expert routers","blk.47.ffn_gate_inp.weight","Vulkan0","Vulkan0","f32","5242880","2560,512,1,1"
"Target","47","Routed expert banks","blk.47.ffn_down_exps.weight","Vulkan0","Vulkan0","iq4_nl","471859200","640,2560,512,1"
"Target","47","Routed expert banks","blk.47.ffn_gate_exps.weight","Vulkan0","Vulkan0","iq3_s","360448000","2560,640,512,1"
"Target","47","Routed expert banks","blk.47.ffn_up_exps.weight","Vulkan0","Vulkan0","iq3_s","360448000","2560,640,512,1"
"Target","47","Shared experts","blk.47.ffn_gate_inp_shexp.weight","Vulkan0","Vulkan0","f32","10240","2560,1,1,1"
"Target","47","Shared experts","blk.47.ffn_gate_shexp.weight","Vulkan0","Vulkan0","q8_0","1740800","2560,640,1,1"
"Target","47","Shared experts","blk.47.ffn_up_shexp.weight","Vulkan0","Vulkan0","q8_0","1740800","2560,640,1,1"
"Target","47","Shared experts","blk.47.ffn_down_shexp.weight","Vulkan0","Vulkan0","q8_0","1740800","640,2560,1,1"
"MTP","-1","Token embeddings","token_embd.weight","CPU_Mapped","CPU_Mapped","q4_0","357580800","2560,248320,1,1"
"MTP","48","Hyperconnection mixers","blk.48.hc_attn_norm.weight","Vulkan0","Vulkan0","f32","40960","10240,1,1,1"
"MTP","48","Hyperconnection mixers","blk.48.hc_attn_down.weight","Vulkan0","Vulkan0","q4_0","1843200","10240,320,1,1"
"MTP","48","Hyperconnection mixers","blk.48.hc_attn_up.weight","Vulkan0","Vulkan0","q4_0","1843200","320,10240,1,1"
"MTP","48","Hyperconnection mixers","blk.48.hc_attn_inject.weight","Vulkan0","Vulkan0","q4_0","23040","10240,4,1,1"
"MTP","48","Hyperconnection mixers","blk.48.hc_ffn_norm.weight","Vulkan0","Vulkan0","f32","40960","10240,1,1,1"
"MTP","48","Hyperconnection mixers","blk.48.hc_ffn_down.weight","Vulkan0","Vulkan0","q4_0","1843200","10240,320,1,1"
"MTP","48","Hyperconnection mixers","blk.48.hc_ffn_up.weight","Vulkan0","Vulkan0","q4_0","1843200","320,10240,1,1"
"MTP","48","Hyperconnection mixers","blk.48.hc_ffn_inject.weight","Vulkan0","Vulkan0","q4_0","23040","10240,4,1,1"
"MTP","48","Attention and indexer weights","blk.48.attn_q.weight","Vulkan0","Vulkan0","q4_0","17694720","2560,12288,1,1"
"MTP","48","Attention and indexer weights","blk.48.attn_k.weight","Vulkan0","Vulkan0","q4_0","737280","2560,512,1,1"
"MTP","48","Attention and indexer weights","blk.48.attn_v.weight","Vulkan0","Vulkan0","q4_0","737280","2560,512,1,1"
"MTP","48","Attention and indexer weights","blk.48.attn_output.weight","Vulkan0","Vulkan0","q4_0","8847360","6144,2560,1,1"
"MTP","48","Attention and indexer weights","blk.48.attn_q_norm.weight","Vulkan0","Vulkan0","f32","1024","256,1,1,1"
"MTP","48","Attention and indexer weights","blk.48.attn_k_norm.weight","Vulkan0","Vulkan0","f32","1024","256,1,1,1"
"MTP","48","Expert routers","blk.48.ffn_gate_inp.weight","Vulkan0","Vulkan0","f32","5242880","2560,512,1,1"
"MTP","48","Routed expert banks","blk.48.ffn_down_exps.weight","Vulkan0","Vulkan0","q4_0","471859200","640,2560,512,1"
"MTP","48","Routed expert banks","blk.48.ffn_gate_exps.weight","Vulkan0","Vulkan0","q4_0","471859200","2560,640,512,1"
"MTP","48","Routed expert banks","blk.48.ffn_up_exps.weight","Vulkan0","Vulkan0","q4_0","471859200","2560,640,512,1"
"MTP","48","Shared experts","blk.48.ffn_gate_inp_shexp.weight","Vulkan0","Vulkan0","f32","10240","2560,1,1,1"
"MTP","48","Shared experts","blk.48.ffn_gate_shexp.weight","Vulkan0","Vulkan0","q4_0","921600","2560,640,1,1"
"MTP","48","Shared experts","blk.48.ffn_up_shexp.weight","Vulkan0","Vulkan0","q4_0","921600","2560,640,1,1"
"MTP","48","Shared experts","blk.48.ffn_down_shexp.weight","Vulkan0","Vulkan0","q4_0","921600","640,2560,1,1"
"MTP","48","Other dense weights","blk.48.indexer.q_proj.weight","Vulkan0","Vulkan0","q8_0","1392640","2560,512,1,1"
"MTP","48","Other dense weights","blk.48.indexer.k_proj.weight","Vulkan0","Vulkan0","q8_0","348160","2560,128,1,1"
"MTP","48","Other dense weights","blk.48.indexer.q_norm.weight","Vulkan0","Vulkan0","f32","512","128,1,1,1"
"MTP","48","Other dense weights","blk.48.indexer.k_norm.weight","Vulkan0","Vulkan0","f32","512","128,1,1,1"
"MTP","48","MTP fusion","blk.48.nextn.fc_embd.weight","Vulkan0","Vulkan0","q4_0","3686400","2560,2560,1,1"
"MTP","48","MTP fusion","blk.48.nextn.fc_hidden.weight","Vulkan0","Vulkan0","q4_0","3686400","2560,2560,1,1"
"MTP","48","MTP fusion","blk.48.nextn.enorm.weight","Vulkan0","Vulkan0","f32","10240","2560,1,1,1"
"MTP","48","MTP fusion","blk.48.nextn.hnorm.weight","Vulkan0","Vulkan0","f32","40960","10240,1,1,1"
"MTP","48","MTP fusion","blk.48.nextn.hc_norm.weight","Vulkan0","Vulkan0","f32","40960","10240,1,1,1"
"MTP","48","MTP fusion","blk.48.nextn.hc_down.weight","Vulkan0","Vulkan0","q4_0","1843200","10240,320,1,1"
"MTP","48","MTP fusion","blk.48.nextn.hc_up.weight","Vulkan0","Vulkan0","q4_0","1843200","320,10240,1,1"
